"Time","recv br-aa6058578fbd","recv br-cbf2a68693b9","recv br-free5gc","recv docker0","recv enp0s31f6","recv oai-cn5g","recv veth03fc9b2","recv veth0fa9c87","recv veth1446851","recv veth20f529e","recv veth233e0d2","recv veth2912b9f","recv veth2918df2","recv veth35e10f4","recv veth4815f7d","recv veth4f6d941","recv veth5469b5b","recv veth5d5bc24","recv veth67c617e","recv veth7a099cc","recv veth7b55e5c","recv veth7dcf102","recv veth841635c","recv veth8428107","recv veth8a99a57","recv veth8d934af","recv veth9fd4508","recv vetha119bed","recv vethac6e5d3","recv vethba26764","recv vethc47ccd9","recv vethcaa70be","recv vethd55ca8d","recv vethdf66e3f","recv vethe8a880d","recv vethe9c69be","recv vethf41a0cd","recv vethfb45b25","recv wlp0s20f3","trans br-aa6058578fbd ","trans br-cbf2a68693b9 ","trans br-free5gc ","trans docker0 ","trans enp0s31f6 ","trans oai-cn5g ","trans veth03fc9b2 ","trans veth0fa9c87 ","trans veth1446851 ","trans veth20f529e ","trans veth233e0d2 ","trans veth2912b9f ","trans veth2918df2 ","trans veth35e10f4 ","trans veth4815f7d ","trans veth4f6d941 ","trans veth5469b5b ","trans veth5d5bc24 ","trans veth67c617e ","trans veth7a099cc ","trans veth7b55e5c ","trans veth7dcf102 ","trans veth841635c ","trans veth8428107 ","trans veth8a99a57 ","trans veth8d934af ","trans veth9fd4508 ","trans vetha119bed ","trans vethac6e5d3 ","trans vethba26764 ","trans vethc47ccd9 ","trans vethcaa70be ","trans vethd55ca8d ","trans vethdf66e3f ","trans vethe8a880d ","trans vethe9c69be ","trans vethf41a0cd ","trans vethfb45b25 ","trans wlp0s20f3 "
2024-03-04 16:26:30,386 b/s,,0 b/s,0 b/s,6.35 kb/s,0 b/s,461 b/s,,540 b/s,,,,5.49 kb/s,,,461 b/s,,9.21 kb/s,,,,8.83 kb/s,461 b/s,507 b/s,3.49 kb/s,461 b/s,5.04 kb/s,1.70 kb/s,1.50 kb/s,0 b/s,0 b/s,,,,,,,4.12 kb/s,144 b/s,215 b/s,,0 b/s,0 b/s,16.8 kb/s,0 b/s,492 b/s,,1.92 kb/s,,,,5.50 kb/s,,,529 b/s,,1.39 kb/s,,,,1.47 kb/s,492 b/s,537 b/s,25.3 kb/s,492 b/s,1.37 kb/s,944 b/s,4.38 kb/s,314 b/s,314 b/s,,,,,,,1.31 kb/s,0 b/s
2024-03-04 16:26:45,356 b/s,,0 b/s,0 b/s,5.90 kb/s,0 b/s,230 b/s,,270 b/s,,,,2.78 kb/s,,,230 b/s,,8.96 kb/s,,,,8.62 kb/s,230 b/s,231 b/s,3.54 kb/s,230 b/s,4.98 kb/s,804 b/s,728 b/s,0 b/s,0 b/s,,,,,,,3.84 kb/s,238 b/s,192 b/s,,0 b/s,0 b/s,16.8 kb/s,0 b/s,380 b/s,,1.10 kb/s,,,,2.86 kb/s,,,380 b/s,,1.26 kb/s,,,,1.35 kb/s,380 b/s,380 b/s,25.3 kb/s,380 b/s,1.29 kb/s,561 b/s,2.36 kb/s,291 b/s,291 b/s,,,,,,,1.15 kb/s,0 b/s
2024-03-04 16:27:00,827 b/s,,0 b/s,0 b/s,3.24 kb/s,0 b/s,461 b/s,,681 b/s,,,,5.61 kb/s,,,461 b/s,,9.37 kb/s,,,,8.82 kb/s,461 b/s,462 b/s,3.27 kb/s,461 b/s,3.75 kb/s,1.75 kb/s,1.46 kb/s,0 b/s,0 b/s,,,,,,,4.07 kb/s,576 b/s,542 b/s,,0 b/s,0 b/s,17.2 kb/s,0 b/s,693 b/s,,2.26 kb/s,,,,5.66 kb/s,,,693 b/s,,1.35 kb/s,,,,1.64 kb/s,693 b/s,693 b/s,23.9 kb/s,693 b/s,1.61 kb/s,1.23 kb/s,4.70 kb/s,515 b/s,553 b/s,,,,,,,1.51 kb/s,0 b/s
2024-03-04 16:27:15,341 b/s,,0 b/s,0 b/s,11.3 kb/s,0 b/s,230 b/s,,270 b/s,,,,2.79 kb/s,,,230 b/s,,9.01 kb/s,,,,8.59 kb/s,230 b/s,231 b/s,3.50 kb/s,230 b/s,5.01 kb/s,804 b/s,728 b/s,0 b/s,0 b/s,,,,,,,3.84 kb/s,235 b/s,170 b/s,,0 b/s,0 b/s,16.8 kb/s,0 b/s,380 b/s,,1.10 kb/s,,,,2.88 kb/s,,,380 b/s,,1.30 kb/s,,,,1.32 kb/s,418 b/s,380 b/s,25.3 kb/s,380 b/s,1.33 kb/s,561 b/s,2.37 kb/s,291 b/s,291 b/s,,,,,,,1.15 kb/s,0 b/s
2024-03-04 16:27:30,352 b/s,,0 b/s,0 b/s,6.64 kb/s,0 b/s,461 b/s,,540 b/s,,,,5.54 kb/s,,,461 b/s,,9.26 kb/s,,,,8.79 kb/s,461 b/s,462 b/s,3.53 kb/s,461 b/s,4.95 kb/s,1.61 kb/s,1.46 kb/s,0 b/s,0 b/s,,,,,,,4.07 kb/s,0 b/s,135 b/s,,0 b/s,0 b/s,16.7 kb/s,0 b/s,537 b/s,,1.97 kb/s,,,,5.55 kb/s,,,537 b/s,,1.35 kb/s,,,,1.45 kb/s,537 b/s,537 b/s,25.3 kb/s,537 b/s,1.33 kb/s,898 b/s,4.48 kb/s,358 b/s,358 b/s,,,,,,,1.31 kb/s,0 b/s
2024-03-04 16:27:45,495 b/s,,0 b/s,0 b/s,6.43 kb/s,0 b/s,230 b/s,,270 b/s,,,,2.83 kb/s,,,230 b/s,,9.11 kb/s,,,,8.65 kb/s,230 b/s,231 b/s,3.50 kb/s,230 b/s,4.97 kb/s,804 b/s,716 b/s,0 b/s,0 b/s,,,,,,,3.84 kb/s,225 b/s,226 b/s,,0 b/s,0 b/s,16.8 kb/s,0 b/s,537 b/s,,1.25 kb/s,,,,3.01 kb/s,,,537 b/s,,1.26 kb/s,,,,1.54 kb/s,537 b/s,537 b/s,25.4 kb/s,537 b/s,1.45 kb/s,718 b/s,2.56 kb/s,448 b/s,448 b/s,,,,,,,1.31 kb/s,0 b/s
2024-03-04 16:28:00,307 b/s,,0 b/s,0 b/s,3.17 kb/s,0 b/s,461 b/s,,540 b/s,,,,5.58 kb/s,,,461 b/s,,9.21 kb/s,,,,8.77 kb/s,461 b/s,462 b/s,3.78 kb/s,496 b/s,6.58 kb/s,1.61 kb/s,1.43 kb/s,0 b/s,0 b/s,,,,,,,4.07 kb/s,433 b/s,113 b/s,,0 b/s,0 b/s,16.7 kb/s,0 b/s,492 b/s,,1.92 kb/s,,,,5.47 kb/s,,,492 b/s,,1.39 kb/s,,,,1.38 kb/s,492 b/s,492 b/s,26.9 kb/s,492 b/s,1.59 kb/s,853 b/s,4.47 kb/s,314 b/s,314 b/s,,,,,,,1.27 kb/s,0 b/s
2024-03-04 16:28:15,495 b/s,,0 b/s,0 b/s,7.23 kb/s,0 b/s,230 b/s,,411 b/s,,,,2.76 kb/s,,,230 b/s,,9.12 kb/s,,,,8.65 kb/s,230 b/s,231 b/s,3.25 kb/s,265 b/s,3.38 kb/s,945 b/s,716 b/s,0 b/s,0 b/s,,,,,,,3.84 kb/s,383 b/s,226 b/s,,0 b/s,0 b/s,16.8 kb/s,0 b/s,537 b/s,,1.39 kb/s,,,,3.05 kb/s,,,537 b/s,,1.26 kb/s,,,,1.54 kb/s,537 b/s,537 b/s,23.8 kb/s,537 b/s,1.19 kb/s,859 b/s,2.50 kb/s,448 b/s,448 b/s,,,,,,,1.31 kb/s,0 b/s
2024-03-04 16:28:30,352 b/s,,0 b/s,0 b/s,5.55 kb/s,0 b/s,461 b/s,,540 b/s,,,,5.58 kb/s,,,461 b/s,,9.21 kb/s,,,,8.79 kb/s,461 b/s,462 b/s,3.78 kb/s,465 b/s,6.55 kb/s,1.61 kb/s,1.40 kb/s,0 b/s,0 b/s,,,,,,,4.12 kb/s,179 b/s,135 b/s,,0 b/s,0 b/s,16.7 kb/s,0 b/s,537 b/s,,1.97 kb/s,,,,5.50 kb/s,,,537 b/s,,1.35 kb/s,,,,1.45 kb/s,537 b/s,537 b/s,26.9 kb/s,537 b/s,1.59 kb/s,898 b/s,4.51 kb/s,358 b/s,358 b/s,,,,,,,1.31 kb/s,0 b/s
2024-03-04 16:28:45,390 b/s,,0 b/s,0 b/s,8.85 kb/s,0 b/s,230 b/s,,270 b/s,,,,2.80 kb/s,,,230 b/s,,8.97 kb/s,,,,8.65 kb/s,230 b/s,231 b/s,3.25 kb/s,230 b/s,3.40 kb/s,804 b/s,681 b/s,0 b/s,0 b/s,,,,,,,3.86 kb/s,45.9 b/s,226 b/s,,0 b/s,0 b/s,16.8 kb/s,0 b/s,380 b/s,,1.10 kb/s,,,,2.87 kb/s,,,380 b/s,,1.31 kb/s,,,,1.38 kb/s,380 b/s,380 b/s,23.7 kb/s,380 b/s,1.05 kb/s,561 b/s,2.38 kb/s,291 b/s,291 b/s,,,,,,,1.15 kb/s,0 b/s
2024-03-04 16:29:00,981 kb/s,,0 b/s,0 b/s,998 kb/s,0 b/s,461 b/s,,540 b/s,,,,5.54 kb/s,,,496 b/s,,9.39 kb/s,,,,8.77 kb/s,461 b/s,462 b/s,3.71 kb/s,473 b/s,1.01 Mb/s,1.61 kb/s,1.40 kb/s,0 b/s,0 b/s,,,,,,,4.07 kb/s,707 b/s,987 kb/s,,0 b/s,0 b/s,1.03 Mb/s,0 b/s,693 b/s,,2.12 kb/s,,,,5.66 kb/s,,,693 b/s,,1.37 kb/s,,,,1.58 kb/s,693 b/s,693 b/s,25.5 kb/s,693 b/s,989 kb/s,1.05 kb/s,4.63 kb/s,515 b/s,515 b/s,,,,,,,1.47 kb/s,0 b/s
2024-03-04 16:29:15,49.0 kb/s,,0 b/s,0 b/s,58.8 kb/s,0 b/s,230 b/s,,411 b/s,,,,2.82 kb/s,,,250 b/s,,9.00 kb/s,,,,8.61 kb/s,230 b/s,231 b/s,3.32 kb/s,230 b/s,54.6 kb/s,945 b/s,716 b/s,0 b/s,0 b/s,,,,,,,3.85 kb/s,99.2 b/s,50.3 kb/s,,0 b/s,0 b/s,66.5 kb/s,0 b/s,380 b/s,,1.24 kb/s,,,,2.88 kb/s,,,380 b/s,,1.30 kb/s,,,,1.35 kb/s,380 b/s,380 b/s,25.3 kb/s,380 b/s,51.2 kb/s,702 b/s,2.39 kb/s,291 b/s,291 b/s,,,,,,,1.15 kb/s,0 b/s
2024-03-04 16:29:30,386 b/s,,0 b/s,0 b/s,5.98 kb/s,0 b/s,461 b/s,,540 b/s,,,,5.59 kb/s,,,492 b/s,,9.21 kb/s,,,,8.82 kb/s,461 b/s,462 b/s,3.53 kb/s,461 b/s,4.95 kb/s,1.61 kb/s,1.43 kb/s,0 b/s,0 b/s,,,,,,,4.07 kb/s,1.18 kb/s,170 b/s,,0 b/s,0 b/s,16.7 kb/s,0 b/s,537 b/s,,1.97 kb/s,,,,5.51 kb/s,,,537 b/s,,1.35 kb/s,,,,1.48 kb/s,537 b/s,537 b/s,25.3 kb/s,537 b/s,1.33 kb/s,898 b/s,4.52 kb/s,358 b/s,358 b/s,,,,,,,1.31 kb/s,0 b/s
2024-03-04 16:29:45,401 b/s,,0 b/s,0 b/s,7.98 kb/s,0 b/s,230 b/s,,270 b/s,,,,2.75 kb/s,,,230 b/s,,9.02 kb/s,,,,8.59 kb/s,230 b/s,231 b/s,3.50 kb/s,230 b/s,4.95 kb/s,804 b/s,716 b/s,0 b/s,0 b/s,,,,,,,3.84 kb/s,807 b/s,170 b/s,,0 b/s,0 b/s,16.7 kb/s,0 b/s,470 b/s,,1.19 kb/s,,,,2.94 kb/s,,,470 b/s,,1.24 kb/s,,,,1.42 kb/s,470 b/s,470 b/s,25.4 kb/s,470 b/s,1.36 kb/s,651 b/s,2.41 kb/s,381 b/s,381 b/s,,,,,,,1.24 kb/s,0 b/s
2024-03-04 16:30:00,6.34 Mb/s,,0 b/s,0 b/s,6.80 Mb/s,0 b/s,15.3 kb/s,,19.7 kb/s,,,,189 kb/s,,,15.2 kb/s,,414 kb/s,,,,396 kb/s,15.5 kb/s,15.6 kb/s,158 kb/s,15.2 kb/s,6.68 Mb/s,55.5 kb/s,47.3 kb/s,0 b/s,0 b/s,,,,,,,178 kb/s,16.2 kb/s,6.43 Mb/s,,0 b/s,0 b/s,7.25 Mb/s,0 b/s,22.6 kb/s,,71.8 kb/s,,,,193 kb/s,,,22.6 kb/s,,62.1 kb/s,,,,69.2 kb/s,22.6 kb/s,22.8 kb/s,1.14 Mb/s,22.6 kb/s,6.49 Mb/s,36.9 kb/s,153 kb/s,16.7 kb/s,16.7 kb/s,,,,,,,57.7 kb/s,0 b/s
2024-03-04 16:30:15,367 b/s,,0 b/s,0 b/s,5.26 kb/s,0 b/s,461 b/s,,540 b/s,,,,5.62 kb/s,,,461 b/s,,9.24 kb/s,,,,8.77 kb/s,461 b/s,462 b/s,3.75 kb/s,461 b/s,6.52 kb/s,1.61 kb/s,1.46 kb/s,0 b/s,0 b/s,,,,,,,4.07 kb/s,141 b/s,362 b/s,,0 b/s,0 b/s,16.7 kb/s,0 b/s,581 b/s,,2.01 kb/s,,,,5.56 kb/s,,,581 b/s,,1.33 kb/s,,,,1.47 kb/s,581 b/s,581 b/s,25.5 kb/s,581 b/s,1.86 kb/s,943 b/s,4.60 kb/s,403 b/s,403 b/s,,,,,,,1.36 kb/s,0 b/s
2024-03-04 16:30:30,420 b/s,,0 b/s,0 b/s,8.37 kb/s,0 b/s,230 b/s,,270 b/s,,,,2.78 kb/s,,,230 b/s,,9.00 kb/s,,,,8.67 kb/s,230 b/s,231 b/s,3.28 kb/s,230 b/s,3.44 kb/s,804 b/s,728 b/s,0 b/s,0 b/s,,,,,,,3.84 kb/s,400 b/s,689 b/s,,0 b/s,0 b/s,16.8 kb/s,0 b/s,380 b/s,,1.10 kb/s,,,,2.86 kb/s,,,380 b/s,,1.30 kb/s,,,,1.40 kb/s,380 b/s,380 b/s,25.2 kb/s,380 b/s,1.51 kb/s,561 b/s,2.36 kb/s,291 b/s,291 b/s,,,,,,,1.15 kb/s,0 b/s
2024-03-04 16:30:45,442 b/s,,0 b/s,0 b/s,5.40 kb/s,0 b/s,461 b/s,,540 b/s,,,,5.59 kb/s,,,461 b/s,,9.37 kb/s,,,,8.77 kb/s,461 b/s,462 b/s,3.53 kb/s,497 b/s,4.95 kb/s,1.61 kb/s,1.46 kb/s,0 b/s,0 b/s,,,,,,,4.07 kb/s,1.15 kb/s,113 b/s,,0 b/s,0 b/s,16.7 kb/s,0 b/s,693 b/s,,2.12 kb/s,,,,5.69 kb/s,,,693 b/s,,1.35 kb/s,,,,1.58 kb/s,693 b/s,693 b/s,25.5 kb/s,693 b/s,1.49 kb/s,1.05 kb/s,4.68 kb/s,515 b/s,515 b/s,,,,,,,1.47 kb/s,0 b/s
2024-03-04 16:31:00,322 b/s,,0 b/s,0 b/s,8.71 kb/s,0 b/s,230 b/s,,411 b/s,,,,2.78 kb/s,,,230 b/s,,8.93 kb/s,,,,8.56 kb/s,230 b/s,231 b/s,3.76 kb/s,265 b/s,6.57 kb/s,945 b/s,728 b/s,0 b/s,0 b/s,,,,,,,3.84 kb/s,342 b/s,436 b/s,,0 b/s,0 b/s,16.8 kb/s,0 b/s,380 b/s,,1.24 kb/s,,,,2.91 kb/s,,,380 b/s,,1.24 kb/s,,,,1.29 kb/s,380 b/s,380 b/s,26.9 kb/s,380 b/s,1.83 kb/s,702 b/s,2.36 kb/s,291 b/s,291 b/s,,,,,,,1.15 kb/s,0 b/s
2024-03-04 16:31:15,420 b/s,,0 b/s,0 b/s,5.55 kb/s,0 b/s,461 b/s,,540 b/s,,,,5.53 kb/s,,,477 b/s,,9.23 kb/s,,,,8.88 kb/s,461 b/s,462 b/s,3.46 kb/s,465 b/s,3.40 kb/s,1.61 kb/s,1.46 kb/s,0 b/s,0 b/s,,,,,,,4.13 kb/s,135 b/s,226 b/s,,0 b/s,0 b/s,16.8 kb/s,0 b/s,514 b/s,,1.94 kb/s,,,,5.56 kb/s,,,514 b/s,,1.39 kb/s,,,,1.51 kb/s,514 b/s,514 b/s,23.7 kb/s,514 b/s,1.28 kb/s,876 b/s,4.44 kb/s,336 b/s,336 b/s,,,,,,,1.29 kb/s,0 b/s
2024-03-04 16:31:30,367 b/s,,0 b/s,0 b/s,7.03 kb/s,0 b/s,230 b/s,,270 b/s,,,,2.78 kb/s,,,238 b/s,,9.05 kb/s,,,,8.54 kb/s,230 b/s,231 b/s,3.32 kb/s,230 b/s,4.95 kb/s,804 b/s,728 b/s,0 b/s,0 b/s,,,,,,,3.84 kb/s,530 b/s,391 b/s,,0 b/s,0 b/s,16.7 kb/s,0 b/s,492 b/s,,1.21 kb/s,,,,2.98 kb/s,,,492 b/s,,1.24 kb/s,,,,1.38 kb/s,492 b/s,492 b/s,25.4 kb/s,492 b/s,1.47 kb/s,673 b/s,2.47 kb/s,403 b/s,403 b/s,,,,,,,1.27 kb/s,0 b/s
2024-03-04 16:31:45,420 b/s,,0 b/s,0 b/s,5.96 kb/s,0 b/s,461 b/s,,540 b/s,,,,5.63 kb/s,,,492 b/s,,9.16 kb/s,,,,8.90 kb/s,461 b/s,462 b/s,3.71 kb/s,473 b/s,4.95 kb/s,1.61 kb/s,1.50 kb/s,0 b/s,0 b/s,,,,,,,4.07 kb/s,754 b/s,859 b/s,,0 b/s,0 b/s,16.8 kb/s,0 b/s,492 b/s,,1.92 kb/s,,,,5.55 kb/s,,,492 b/s,,1.35 kb/s,,,,1.51 kb/s,492 b/s,492 b/s,25.3 kb/s,492 b/s,2.09 kb/s,853 b/s,4.52 kb/s,314 b/s,314 b/s,,,,,,,1.27 kb/s,0 b/s
2024-03-04 16:32:00,382 b/s,,0 b/s,0 b/s,9.42 kb/s,0 b/s,230 b/s,,411 b/s,,,,2.80 kb/s,,,261 b/s,,9.09 kb/s,,,,8.54 kb/s,230 b/s,231 b/s,3.32 kb/s,230 b/s,5.01 kb/s,945 b/s,728 b/s,0 b/s,0 b/s,,,,,,,3.85 kb/s,91.7 b/s,275 b/s,,0 b/s,0 b/s,16.7 kb/s,0 b/s,492 b/s,,1.35 kb/s,,,,3.02 kb/s,,,492 b/s,,1.28 kb/s,,,,1.38 kb/s,492 b/s,492 b/s,25.4 kb/s,492 b/s,1.39 kb/s,814 b/s,2.49 kb/s,403 b/s,403 b/s,,,,,,,1.27 kb/s,0 b/s
2024-03-04 16:32:15,465 b/s,,0 b/s,0 b/s,5.60 kb/s,0 b/s,461 b/s,,540 b/s,,,,5.55 kb/s,,,461 b/s,,9.25 kb/s,,,,8.88 kb/s,461 b/s,462 b/s,3.53 kb/s,461 b/s,4.95 kb/s,1.61 kb/s,1.46 kb/s,0 b/s,0 b/s,,,,,,,4.07 kb/s,529 b/s,505 b/s,,0 b/s,0 b/s,16.8 kb/s,0 b/s,581 b/s,,2.01 kb/s,,,,5.55 kb/s,,,581 b/s,,1.35 kb/s,,,,1.58 kb/s,581 b/s,581 b/s,25.4 kb/s,581 b/s,1.66 kb/s,943 b/s,4.53 kb/s,403 b/s,403 b/s,,,,,,,1.36 kb/s,0 b/s
2024-03-04 16:32:30,307 b/s,,0 b/s,0 b/s,7.36 kb/s,0 b/s,230 b/s,,270 b/s,,,,2.81 kb/s,,,230 b/s,,8.93 kb/s,,,,8.56 kb/s,238 b/s,311 b/s,3.50 kb/s,230 b/s,4.95 kb/s,964 b/s,728 b/s,0 b/s,0 b/s,,,,,,,3.92 kb/s,269 b/s,275 b/s,,0 b/s,0 b/s,16.7 kb/s,0 b/s,380 b/s,,1.10 kb/s,,,,2.87 kb/s,,,380 b/s,,1.24 kb/s,,,,1.29 kb/s,380 b/s,460 b/s,25.3 kb/s,380 b/s,1.41 kb/s,721 b/s,2.39 kb/s,291 b/s,291 b/s,,,,,,,1.23 kb/s,0 b/s
2024-03-04 16:32:45,555 b/s,,0 b/s,0 b/s,4.60 kb/s,0 b/s,531 b/s,,540 b/s,,,,5.59 kb/s,,,461 b/s,,9.41 kb/s,,,,8.88 kb/s,507 b/s,521 b/s,3.53 kb/s,461 b/s,5.01 kb/s,1.61 kb/s,1.46 kb/s,0 b/s,0 b/s,,,,,,,4.07 kb/s,810 b/s,527 b/s,,0 b/s,0 b/s,16.9 kb/s,0 b/s,693 b/s,,2.12 kb/s,,,,5.83 kb/s,,,693 b/s,,1.39 kb/s,,,,1.69 kb/s,693 b/s,693 b/s,25.5 kb/s,693 b/s,1.83 kb/s,1.05 kb/s,4.68 kb/s,515 b/s,515 b/s,,,,,,,1.47 kb/s,0 b/s
2024-03-04 16:33:00,292 b/s,,0 b/s,0 b/s,9.37 kb/s,0 b/s,245 b/s,,411 b/s,,,,2.78 kb/s,,,230 b/s,,8.93 kb/s,,,,8.54 kb/s,251 b/s,257 b/s,3.50 kb/s,230 b/s,4.95 kb/s,945 b/s,728 b/s,0 b/s,0 b/s,,,,,,,3.84 kb/s,189 b/s,113 b/s,,0 b/s,0 b/s,16.7 kb/s,0 b/s,380 b/s,,1.24 kb/s,,,,2.93 kb/s,,,380 b/s,,1.24 kb/s,,,,1.27 kb/s,380 b/s,380 b/s,25.3 kb/s,380 b/s,1.27 kb/s,702 b/s,2.36 kb/s,291 b/s,291 b/s,,,,,,,1.15 kb/s,0 b/s
2024-03-04 16:33:15,420 b/s,,0 b/s,0 b/s,7.05 kb/s,0 b/s,461 b/s,,540 b/s,,,,5.57 kb/s,,,461 b/s,,9.23 kb/s,,,,8.91 kb/s,473 b/s,462 b/s,3.71 kb/s,461 b/s,5.01 kb/s,1.61 kb/s,1.42 kb/s,0 b/s,0 b/s,,,,,,,4.07 kb/s,271 b/s,445 b/s,,0 b/s,0 b/s,16.8 kb/s,0 b/s,492 b/s,,1.92 kb/s,,,,5.45 kb/s,,,492 b/s,,1.41 kb/s,,,,1.51 kb/s,492 b/s,492 b/s,25.3 kb/s,492 b/s,1.73 kb/s,853 b/s,4.46 kb/s,314 b/s,314 b/s,,,,,,,1.27 kb/s,0 b/s
2024-03-04 16:33:30,427 b/s,,0 b/s,0 b/s,8.89 kb/s,0 b/s,230 b/s,,270 b/s,,,,2.80 kb/s,,,230 b/s,,9.11 kb/s,,,,8.54 kb/s,230 b/s,231 b/s,3.57 kb/s,230 b/s,6.52 kb/s,804 b/s,734 b/s,0 b/s,0 b/s,,,,,,,3.84 kb/s,177 b/s,113 b/s,,0 b/s,0 b/s,16.7 kb/s,0 b/s,582 b/s,,1.30 kb/s,,,,3.07 kb/s,,,582 b/s,,1.21 kb/s,,,,1.47 kb/s,582 b/s,582 b/s,27.1 kb/s,582 b/s,1.52 kb/s,763 b/s,2.58 kb/s,493 b/s,493 b/s,,,,,,,1.36 kb/s,0 b/s
2024-03-04 16:33:45,779 b/s,,0 b/s,0 b/s,6.70 kb/s,0 b/s,1.08 kb/s,,540 b/s,,,,15.3 kb/s,,,461 b/s,,12.2 kb/s,,,,11.1 kb/s,461 b/s,1.87 kb/s,3.27 kb/s,2.04 kb/s,3.57 kb/s,3.62 kb/s,2.60 kb/s,0 b/s,0 b/s,,,,,,,5.55 kb/s,195 b/s,849 b/s,,0 b/s,0 b/s,21.3 kb/s,0 b/s,1.29 kb/s,,1.92 kb/s,,,,15.5 kb/s,,,492 b/s,,4.55 kb/s,,,,3.29 kb/s,492 b/s,2.87 kb/s,23.7 kb/s,1.94 kb/s,1.62 kb/s,1.46 kb/s,4.83 kb/s,314 b/s,314 b/s,,,,,,,3.69 kb/s,0 b/s
2024-03-04 16:34:00,8.10 kb/s,,0 b/s,0 b/s,16.3 kb/s,0 b/s,230 b/s,,270 b/s,,,,2.78 kb/s,,,230 b/s,,9.15 kb/s,,,,8.55 kb/s,230 b/s,276 b/s,3.50 kb/s,231 b/s,13.3 kb/s,894 b/s,728 b/s,0 b/s,0 b/s,,,,,,,3.88 kb/s,314 b/s,8.43 kb/s,,0 b/s,0 b/s,25.1 kb/s,0 b/s,515 b/s,,1.23 kb/s,,,,3.03 kb/s,,,515 b/s,,1.30 kb/s,,,,1.40 kb/s,515 b/s,559 b/s,25.4 kb/s,515 b/s,9.78 kb/s,785 b/s,2.50 kb/s,426 b/s,426 b/s,,,,,,,1.33 kb/s,0 b/s
2024-03-04 16:34:15,420 b/s,,0 b/s,0 b/s,3.68 kb/s,0 b/s,461 b/s,,681 b/s,,,,5.58 kb/s,,,461 b/s,,9.14 kb/s,,,,8.90 kb/s,461 b/s,462 b/s,3.53 kb/s,461 b/s,4.93 kb/s,1.75 kb/s,1.46 kb/s,0 b/s,0 b/s,,,,,,,4.07 kb/s,198 b/s,249 b/s,,0 b/s,0 b/s,16.8 kb/s,0 b/s,492 b/s,,2.06 kb/s,,,,5.46 kb/s,,,492 b/s,,1.33 kb/s,,,,1.51 kb/s,492 b/s,492 b/s,25.3 kb/s,492 b/s,1.27 kb/s,994 b/s,4.47 kb/s,314 b/s,314 b/s,,,,,,,1.27 kb/s,0 b/s
2024-03-04 16:34:30,292 b/s,,0 b/s,0 b/s,7.64 kb/s,0 b/s,230 b/s,,270 b/s,,,,2.79 kb/s,,,230 b/s,,8.93 kb/s,,,,8.54 kb/s,230 b/s,231 b/s,3.76 kb/s,230 b/s,6.55 kb/s,804 b/s,728 b/s,0 b/s,0 b/s,,,,,,,3.84 kb/s,163 b/s,252 b/s,,0 b/s,0 b/s,16.7 kb/s,0 b/s,380 b/s,,1.10 kb/s,,,,2.86 kb/s,,,380 b/s,,1.24 kb/s,,,,1.27 kb/s,380 b/s,380 b/s,26.9 kb/s,380 b/s,1.66 kb/s,561 b/s,2.37 kb/s,291 b/s,291 b/s,,,,,,,1.15 kb/s,0 b/s
2024-03-04 16:34:45,495 b/s,,0 b/s,0 b/s,3.31 kb/s,0 b/s,461 b/s,,540 b/s,,,,5.59 kb/s,,,461 b/s,,9.36 kb/s,,,,8.88 kb/s,461 b/s,462 b/s,3.27 kb/s,461 b/s,3.42 kb/s,1.61 kb/s,1.46 kb/s,0 b/s,0 b/s,,,,,,,4.07 kb/s,927 b/s,226 b/s,,0 b/s,0 b/s,16.9 kb/s,0 b/s,626 b/s,,2.06 kb/s,,,,5.59 kb/s,,,626 b/s,,1.41 kb/s,,,,1.63 kb/s,626 b/s,626 b/s,23.8 kb/s,626 b/s,1.23 kb/s,988 b/s,4.61 kb/s,448 b/s,448 b/s,,,,,,,1.40 kb/s,0 b/s
2024-03-04 16:35:00,322 b/s,,0 b/s,0 b/s,10.9 kb/s,0 b/s,230 b/s,,270 b/s,,,,2.76 kb/s,,,230 b/s,,8.91 kb/s,,,,8.56 kb/s,230 b/s,231 b/s,3.50 kb/s,230 b/s,4.95 kb/s,804 b/s,693 b/s,0 b/s,0 b/s,,,,,,,3.84 kb/s,129 b/s,297 b/s,,0 b/s,0 b/s,16.7 kb/s,0 b/s,380 b/s,,1.10 kb/s,,,,2.83 kb/s,,,380 b/s,,1.21 kb/s,,,,1.29 kb/s,380 b/s,380 b/s,25.3 kb/s,380 b/s,1.41 kb/s,561 b/s,2.34 kb/s,291 b/s,291 b/s,,,,,,,1.15 kb/s,0 b/s
2024-03-04 16:35:15,356 b/s,,0 b/s,0 b/s,5.06 kb/s,0 b/s,461 b/s,,680 b/s,,,,5.61 kb/s,,,461 b/s,,9.16 kb/s,,,,8.82 kb/s,461 b/s,462 b/s,3.53 kb/s,461 b/s,4.95 kb/s,1.75 kb/s,1.42 kb/s,0 b/s,0 b/s,,,,,,,4.07 kb/s,177 b/s,170 b/s,,0 b/s,0 b/s,16.8 kb/s,0 b/s,492 b/s,,2.06 kb/s,,,,5.42 kb/s,,,492 b/s,,1.36 kb/s,,,,1.44 kb/s,492 b/s,492 b/s,25.3 kb/s,492 b/s,1.29 kb/s,994 b/s,4.49 kb/s,314 b/s,314 b/s,,,,,,,1.27 kb/s,0 b/s
2024-03-04 16:35:30,495 b/s,,0 b/s,0 b/s,10.5 kb/s,0 b/s,230 b/s,,270 b/s,,,,3.31 kb/s,,,230 b/s,,9.39 kb/s,,,,9.06 kb/s,230 b/s,231 b/s,3.50 kb/s,230 b/s,5.05 kb/s,804 b/s,728 b/s,0 b/s,0 b/s,,,,,,,3.84 kb/s,135 b/s,364 b/s,,0 b/s,0 b/s,45.1 kb/s,0 b/s,582 b/s,,1.30 kb/s,,,,3.66 kb/s,,,582 b/s,,1.74 kb/s,,,,1.73 kb/s,582 b/s,582 b/s,25.5 kb/s,582 b/s,1.71 kb/s,763 b/s,2.53 kb/s,493 b/s,493 b/s,,,,,,,1.36 kb/s,0 b/s
2024-03-04 16:35:45,74.7 b/s,,0 b/s,0 b/s,10.1 kb/s,0 b/s,461 b/s,,270 b/s,,,,6.14 kb/s,,,461 b/s,,3.50 kb/s,,,,3.45 kb/s,230 b/s,462 b/s,3.50 kb/s,461 b/s,5.05 kb/s,1.21 kb/s,2.24 kb/s,0 b/s,0 b/s,,,,,,,1.70 kb/s,1.39 kb/s,0 b/s,,0 b/s,0 b/s,142 kb/s,0 b/s,421 b/s,,1.30 kb/s,,,,6.23 kb/s,,,421 b/s,,618 b/s,,,,991 b/s,582 b/s,421 b/s,25.5 kb/s,421 b/s,1.71 kb/s,1.06 kb/s,4.77 kb/s,493 b/s,493 b/s,,,,,,,750 b/s,145 b/s
2024-03-04 16:36:00,0 b/s,,0 b/s,0 b/s,14.8 kb/s,0 b/s,230 b/s,,270 b/s,,,,2.68 kb/s,,,230 b/s,,3.50 kb/s,,,,3.45 kb/s,230 b/s,231 b/s,3.50 kb/s,230 b/s,5.05 kb/s,0 b/s,971 b/s,0 b/s,0 b/s,,,,,,,230 b/s,0 b/s,73.6 b/s,,0 b/s,0 b/s,214 kb/s,0 b/s,198 b/s,,1.30 kb/s,,,,2.73 kb/s,,,198 b/s,,618 b/s,,,,991 b/s,582 b/s,198 b/s,25.5 kb/s,198 b/s,1.71 kb/s,109 b/s,1.88 kb/s,493 b/s,493 b/s,,,,,,,204 b/s,0 b/s
2024-03-04 16:36:15,0 b/s,,0 b/s,0 b/s,12.1 kb/s,0 b/s,230 b/s,,,,,,3.22 kb/s,,,230 b/s,,3.50 kb/s,,,,3.45 kb/s,,231 b/s,,230 b/s,,0 b/s,2.11 kb/s,,,,,,,,,230 b/s,133 b/s,22.4 b/s,,0 b/s,0 b/s,324 kb/s,0 b/s,198 b/s,,,,,,3.84 kb/s,,,198 b/s,,618 b/s,,,,991 b/s,,198 b/s,,198 b/s,,109 b/s,2.48 kb/s,,,,,,,,,204 b/s,0 b/s
2024-03-04 16:36:30,0 b/s,,0 b/s,0 b/s,6.51 kb/s,0 b/s,230 b/s,,,,,,3.22 kb/s,,,230 b/s,,,,,,,,231 b/s,,230 b/s,,0 b/s,2.11 kb/s,,,,,,,,,230 b/s,564 b/s,0 b/s,,0 b/s,0 b/s,69.5 kb/s,0 b/s,198 b/s,,,,,,3.84 kb/s,,,198 b/s,,,,,,,,198 b/s,,198 b/s,,109 b/s,2.48 kb/s,,,,,,,,,204 b/s,112 b/s
2024-03-04 16:36:45,0 b/s,,0 b/s,0 b/s,6.31 kb/s,0 b/s,,,,,,,3.22 kb/s,,,,,,,,,,,,,,,,2.11 kb/s,,,,,,,,,,1.12 kb/s,0 b/s,,0 b/s,0 b/s,27.2 kb/s,0 b/s,,,,,,,3.84 kb/s,,,,,,,,,,,,,,,,2.48 kb/s,,,,,,,,,,0 b/s
2024-03-04 16:37:00,0 b/s,,0 b/s,0 b/s,14.4 kb/s,0 b/s,,,,,,,,,,,,,,,,,,,,,,,,,,,,,,,,,45.9 b/s,0 b/s,,0 b/s,0 b/s,14.8 kb/s,0 b/s,,,,,,,,,,,,,,,,,,,,,,,,,,,,,,,,,0 b/s
2024-03-04 16:37:15,,,0 b/s,0 b/s,5.70 kb/s,0 b/s,,,,,,,,,,,,,,,,,,,,,,,,,,,,,,,,,150 b/s,,,0 b/s,0 b/s,14.7 kb/s,0 b/s,,,,,,,,,,,,,,,,,,,,,,,,,,,,,,,,,0 b/s
2024-03-04 16:37:30,,,0 b/s,0 b/s,8.35 kb/s,0 b/s,,,,,,,,,,,,,,,,,,,,,,,,,,,,,,,,,179 b/s,,,0 b/s,0 b/s,14.7 kb/s,0 b/s,,,,,,,,,,,,,,,,,,,,,,,,,,,,,,,,,0 b/s
2024-03-04 16:37:45,,,0 b/s,0 b/s,4.38 kb/s,0 b/s,,,,,,,,,,,,,,,,,,,,,,,,,,,,,,,,,89.6 b/s,,,0 b/s,0 b/s,14.7 kb/s,0 b/s,,,,,,,,,,,,,,,,,,,,,,,,,,,,,,,,,0 b/s
2024-03-04 16:38:00,,,0 b/s,0 b/s,7.44 kb/s,0 b/s,,,,,,,,,,,,,,,,,,,,,,,,,,,,,,,,,141 b/s,,,0 b/s,0 b/s,14.8 kb/s,0 b/s,,,,,,,,,,,,,,,,,,,,,,,,,,,,,,,,,0 b/s
2024-03-04 16:38:15,,,0 b/s,0 b/s,4.03 kb/s,0 b/s,,,,,,,,,,,,,,,,,,,,,,,,,,,,,,,,,549 b/s,,,0 b/s,0 b/s,14.7 kb/s,0 b/s,,,,,,,,,,,,,,,,,,,,,,,,,,,,,,,,,0 b/s
2024-03-04 16:38:30,,,0 b/s,0 b/s,7.53 kb/s,0 b/s,,,,,,,,,,,,,,,,,,,,,,,,,,,,,,,,,502 b/s,,,0 b/s,0 b/s,14.7 kb/s,0 b/s,,,,,,,,,,,,,,,,,,,,,,,,,,,,,,,,,0 b/s
2024-03-04 16:38:45,,,0 b/s,0 b/s,4.86 kb/s,0 b/s,,,,,,,,,,,,,,,,,,,,,,,,,,,,,,,,,89.6 b/s,,,0 b/s,0 b/s,14.7 kb/s,0 b/s,,,,,,,,,,,,,,,,,,,,,,,,,,,,,,,,,0 b/s
2024-03-04 16:39:00,,,0 b/s,0 b/s,6.54 kb/s,0 b/s,,,,,,,,,,,,,,,,,,,,,,,,,,,,,,,,,45.9 b/s,,,0 b/s,0 b/s,14.8 kb/s,0 b/s,,,,,,,,,,,,,,,,,,,,,,,,,,,,,,,,,0 b/s
2024-03-04 16:39:15,,,0 b/s,0 b/s,5.25 kb/s,0 b/s,,,,,,,,,,,,,,,,,,,,,,,,,,,,,,,,,177 b/s,,,0 b/s,0 b/s,14.7 kb/s,0 b/s,,,,,,,,,,,,,,,,,,,,,,,,,,,,,,,,,0 b/s
2024-03-04 16:39:30,,,0 b/s,0 b/s,9.08 kb/s,0 b/s,,,,,,,,,,,,,,,,,,,,,,,,,,,,,,,,,732 b/s,,,0 b/s,0 b/s,19.3 kb/s,0 b/s,,,,,,,,,,,,,,,,,,,,,,,,,,,,,,,,,112 b/s
2024-03-04 16:39:45,,4.65 kb/s,0 b/s,0 b/s,175 kb/s,0 b/s,,,,8.04 kb/s,44.4 kb/s,,,,,,,,,,,,,,,,,,,,,,0 b/s,,24.0 kb/s,,,,1.15 kb/s,,161 kb/s,0 b/s,0 b/s,74.6 kb/s,0 b/s,,,,6.77 kb/s,55.2 kb/s,,,,,,,,,,,,,,,,,,,,,,1.49 kb/s,,17.1 kb/s,,,,91.2 b/s
2024-03-04 16:40:00,,156 kb/s,0 b/s,0 b/s,171 kb/s,0 b/s,,8.54 kb/s,,980 b/s,2.74 kb/s,245 b/s,,0 b/s,3.50 kb/s,,165 kb/s,,3.85 kb/s,245 b/s,231 b/s,,,,,,,,,,,1.24 kb/s,0 b/s,8.91 kb/s,716 b/s,231 b/s,231 b/s,,526 b/s,,161 kb/s,0 b/s,0 b/s,180 kb/s,0 b/s,,1.33 kb/s,,1.04 kb/s,2.96 kb/s,440 b/s,,314 b/s,25.3 kb/s,,162 kb/s,,1.21 kb/s,440 b/s,440 b/s,,,,,,,,,,,1.84 kb/s,351 b/s,1.27 kb/s,2.35 kb/s,440 b/s,440 b/s,,0 b/s
2024-03-04 16:40:15,,804 b/s,0 b/s,0 b/s,4.25 kb/s,0 b/s,,8.85 kb/s,,1.61 kb/s,5.55 kb/s,461 b/s,,0 b/s,3.53 kb/s,,4.95 kb/s,,4.07 kb/s,461 b/s,462 b/s,,,,,,,,,,,1.03 kb/s,0 b/s,9.23 kb/s,1.43 kb/s,462 b/s,462 b/s,,544 b/s,,685 b/s,0 b/s,0 b/s,17.3 kb/s,0 b/s,,1.56 kb/s,,921 b/s,5.54 kb/s,559 b/s,,418 b/s,25.4 kb/s,,1.39 kb/s,,1.37 kb/s,596 b/s,596 b/s,,,,,,,,,,,2.52 kb/s,381 b/s,1.39 kb/s,4.55 kb/s,559 b/s,596 b/s,,0 b/s
2024-03-04 16:40:30,,877 b/s,0 b/s,0 b/s,9.37 kb/s,0 b/s,,8.59 kb/s,,804 b/s,2.75 kb/s,230 b/s,,0 b/s,3.50 kb/s,,5.01 kb/s,,3.84 kb/s,230 b/s,231 b/s,,,,,,,,,,,843 b/s,0 b/s,9.13 kb/s,716 b/s,231 b/s,231 b/s,,180 b/s,,742 b/s,0 b/s,0 b/s,17.3 kb/s,0 b/s,,1.46 kb/s,,695 b/s,2.99 kb/s,552 b/s,,426 b/s,25.5 kb/s,,1.46 kb/s,,1.29 kb/s,515 b/s,515 b/s,,,,,,,,,,,1.80 kb/s,463 b/s,1.30 kb/s,2.46 kb/s,552 b/s,515 b/s,,0 b/s
2024-03-04 16:40:45,,1.06 Mb/s,0 b/s,0 b/s,1.11 Mb/s,0 b/s,,8.82 kb/s,,1.75 kb/s,5.52 kb/s,461 b/s,,0 b/s,3.53 kb/s,,1.11 Mb/s,,4.07 kb/s,461 b/s,462 b/s,,,,,,,,,,,1.17 kb/s,0 b/s,9.16 kb/s,1.43 kb/s,462 b/s,462 b/s,,151 b/s,,1.09 Mb/s,0 b/s,0 b/s,1.14 Mb/s,0 b/s,,1.47 kb/s,,1.03 kb/s,5.47 kb/s,492 b/s,,351 b/s,25.3 kb/s,,1.09 Mb/s,,1.30 kb/s,529 b/s,529 b/s,,,,,,,,,,,2.59 kb/s,314 b/s,1.39 kb/s,4.45 kb/s,492 b/s,529 b/s,,0 b/s
2024-03-04 16:41:00,,10.3 Mb/s,0 b/s,0 b/s,10.3 Mb/s,0 b/s,,8.61 kb/s,,804 b/s,2.74 kb/s,230 b/s,,0 b/s,3.50 kb/s,,10.5 Mb/s,,3.84 kb/s,230 b/s,231 b/s,,,,,,,,,,,820 b/s,0 b/s,9.05 kb/s,716 b/s,231 b/s,231 b/s,,117 b/s,,10.3 Mb/s,0 b/s,0 b/s,10.5 Mb/s,0 b/s,,1.48 kb/s,,695 b/s,2.99 kb/s,515 b/s,,426 b/s,25.4 kb/s,,10.3 Mb/s,,1.29 kb/s,515 b/s,515 b/s,,,,,,,,,,,1.78 kb/s,426 b/s,1.21 kb/s,2.46 kb/s,515 b/s,515 b/s,,0 b/s
2024-03-04 16:41:15,,35.0 Mb/s,0 b/s,0 b/s,35.1 Mb/s,0 b/s,,8.87 kb/s,,1.61 kb/s,5.60 kb/s,461 b/s,,0 b/s,3.53 kb/s,,35.6 Mb/s,,4.07 kb/s,461 b/s,462 b/s,,,,,,,,,,,1.07 kb/s,0 b/s,9.29 kb/s,1.43 kb/s,462 b/s,462 b/s,,297 b/s,,34.9 Mb/s,0 b/s,0 b/s,35.8 Mb/s,0 b/s,,1.50 kb/s,,921 b/s,5.55 kb/s,559 b/s,,381 b/s,25.4 kb/s,,34.9 Mb/s,,1.33 kb/s,559 b/s,559 b/s,,,,,,,,,,,2.52 kb/s,381 b/s,1.41 kb/s,4.55 kb/s,559 b/s,559 b/s,,0 b/s
2024-03-04 16:41:30,,226 kb/s,0 b/s,0 b/s,239 kb/s,0 b/s,,8.59 kb/s,,804 b/s,2.81 kb/s,230 b/s,,0 b/s,3.50 kb/s,,235 kb/s,,3.84 kb/s,230 b/s,231 b/s,,,,,,,,,,,785 b/s,0 b/s,8.93 kb/s,716 b/s,231 b/s,231 b/s,,167 b/s,,228 kb/s,0 b/s,0 b/s,249 kb/s,0 b/s,,1.32 kb/s,,561 b/s,2.85 kb/s,418 b/s,,291 b/s,25.3 kb/s,,228 kb/s,,1.15 kb/s,380 b/s,380 b/s,,,,,,,,,,,1.61 kb/s,291 b/s,1.24 kb/s,2.39 kb/s,380 b/s,380 b/s,,0 b/s
2024-03-04 16:41:45,,14.9 kb/s,0 b/s,0 b/s,20.3 kb/s,0 b/s,,8.86 kb/s,,1.61 kb/s,5.57 kb/s,461 b/s,,0 b/s,3.53 kb/s,,20.1 kb/s,,4.07 kb/s,461 b/s,462 b/s,,,,,,,,,,,1.09 kb/s,0 b/s,9.41 kb/s,1.43 kb/s,462 b/s,462 b/s,,45.9 b/s,,15.4 kb/s,0 b/s,0 b/s,32.8 kb/s,0 b/s,,1.66 kb/s,,1.09 kb/s,5.65 kb/s,693 b/s,,515 b/s,25.5 kb/s,,16.2 kb/s,,1.51 kb/s,731 b/s,693 b/s,,,,,,,,,,,2.71 kb/s,553 b/s,1.43 kb/s,4.66 kb/s,731 b/s,693 b/s,,0 b/s
2024-03-04 16:42:00,,4.85 kb/s,0 b/s,0 b/s,16.6 kb/s,0 b/s,,8.54 kb/s,,945 b/s,2.79 kb/s,230 b/s,,0 b/s,3.50 kb/s,,9.32 kb/s,,3.84 kb/s,230 b/s,231 b/s,,,,,,,,,,,961 b/s,0 b/s,8.91 kb/s,716 b/s,231 b/s,231 b/s,,370 b/s,,5.15 kb/s,0 b/s,0 b/s,21.9 kb/s,0 b/s,,1.31 kb/s,,702 b/s,2.89 kb/s,380 b/s,,329 b/s,25.3 kb/s,,5.77 kb/s,,1.15 kb/s,380 b/s,418 b/s,,,,,,,,,,,1.79 kb/s,291 b/s,1.21 kb/s,2.41 kb/s,380 b/s,418 b/s,,0 b/s
2024-03-04 16:42:15,,1.56 kb/s,0 b/s,0 b/s,8.76 kb/s,0 b/s,,8.88 kb/s,,1.61 kb/s,5.60 kb/s,461 b/s,,0 b/s,3.53 kb/s,,5.85 kb/s,,4.07 kb/s,461 b/s,462 b/s,,,,,,,,,,,1.03 kb/s,0 b/s,9.21 kb/s,1.40 kb/s,462 b/s,462 b/s,,45.9 b/s,,1.50 kb/s,0 b/s,0 b/s,18.4 kb/s,0 b/s,,1.51 kb/s,,876 b/s,5.42 kb/s,514 b/s,,336 b/s,25.3 kb/s,,2.11 kb/s,,1.29 kb/s,514 b/s,514 b/s,,,,,,,,,,,2.44 kb/s,336 b/s,1.37 kb/s,4.51 kb/s,514 b/s,514 b/s,,0 b/s
2024-03-04 16:42:30,,55.6 kb/s,0 b/s,0 b/s,68.6 kb/s,0 b/s,,13.0 kb/s,,6.22 kb/s,19.5 kb/s,3.51 kb/s,,0 b/s,3.50 kb/s,,62.0 kb/s,,6.16 kb/s,810 b/s,1.62 kb/s,,,,,,,,,,,820 b/s,0 b/s,11.5 kb/s,4.12 kb/s,231 b/s,4.21 kb/s,,133 b/s,,58.5 kb/s,0 b/s,0 b/s,81.4 kb/s,0 b/s,,5.69 kb/s,,2.65 kb/s,21.9 kb/s,6.70 kb/s,,470 b/s,25.5 kb/s,,59.0 kb/s,,4.58 kb/s,1.23 kb/s,2.03 kb/s,,,,,,,,,,,1.83 kb/s,470 b/s,4.15 kb/s,3.43 kb/s,559 b/s,4.05 kb/s,,0 b/s
2024-03-04 16:42:45,,328 kb/s,0 b/s,0 b/s,353 kb/s,0 b/s,,11.2 kb/s,,1.61 kb/s,9.93 kb/s,591 b/s,,0 b/s,3.53 kb/s,,344 kb/s,,4.35 kb/s,515 b/s,462 b/s,,,,,,,,,,,1.09 kb/s,0 b/s,10.5 kb/s,1.43 kb/s,462 b/s,1.00 kb/s,,1.16 kb/s,,345 kb/s,0 b/s,0 b/s,363 kb/s,0 b/s,,2.97 kb/s,,853 b/s,9.92 kb/s,846 b/s,,314 b/s,25.3 kb/s,,345 kb/s,,1.69 kb/s,613 b/s,492 b/s,,,,,,,,,,,2.47 kb/s,314 b/s,3.22 kb/s,4.52 kb/s,492 b/s,1.09 kb/s,,0 b/s
2024-03-04 16:43:00,,556 kb/s,0 b/s,0 b/s,605 kb/s,0 b/s,,8.54 kb/s,,945 b/s,2.78 kb/s,230 b/s,,0 b/s,3.50 kb/s,,582 kb/s,,3.84 kb/s,230 b/s,231 b/s,,,,,,,,,,,903 b/s,0 b/s,9.07 kb/s,716 b/s,231 b/s,236 b/s,,1.00 kb/s,,591 kb/s,0 b/s,0 b/s,600 kb/s,0 b/s,,1.40 kb/s,,836 b/s,2.99 kb/s,515 b/s,,426 b/s,25.4 kb/s,,591 kb/s,,1.29 kb/s,515 b/s,515 b/s,,,,,,,,,,,1.86 kb/s,426 b/s,1.24 kb/s,2.49 kb/s,515 b/s,515 b/s,,0 b/s
2024-03-04 16:43:15,,177 kb/s,0 b/s,0 b/s,188 kb/s,0 b/s,,8.88 kb/s,,1.61 kb/s,5.58 kb/s,461 b/s,,0 b/s,3.53 kb/s,,187 kb/s,,4.07 kb/s,461 b/s,462 b/s,,,,,,,,,,,1.09 kb/s,0 b/s,9.27 kb/s,1.43 kb/s,462 b/s,483 b/s,,352 b/s,,181 kb/s,0 b/s,0 b/s,202 kb/s,0 b/s,,1.56 kb/s,,921 b/s,5.52 kb/s,596 b/s,,381 b/s,25.4 kb/s,,182 kb/s,,1.33 kb/s,559 b/s,559 b/s,,,,,,,,,,,2.54 kb/s,381 b/s,1.39 kb/s,4.53 kb/s,559 b/s,559 b/s,,0 b/s
2024-03-04 16:43:30,,73.8 kb/s,0 b/s,0 b/s,88.0 kb/s,0 b/s,,8.56 kb/s,,804 b/s,2.79 kb/s,230 b/s,,0 b/s,3.50 kb/s,,81.0 kb/s,,3.84 kb/s,230 b/s,231 b/s,,,,,,,,,,,820 b/s,0 b/s,8.93 kb/s,716 b/s,231 b/s,243 b/s,,1.08 kb/s,,77.6 kb/s,0 b/s,0 b/s,94.1 kb/s,0 b/s,,1.29 kb/s,,561 b/s,2.86 kb/s,380 b/s,,291 b/s,25.3 kb/s,,78.2 kb/s,,1.15 kb/s,380 b/s,380 b/s,,,,,,,,,,,1.65 kb/s,291 b/s,1.24 kb/s,2.37 kb/s,380 b/s,380 b/s,,0 b/s
2024-03-04 16:43:45,,85.0 kb/s,0 b/s,0 b/s,91.2 kb/s,0 b/s,,8.88 kb/s,,1.61 kb/s,5.61 kb/s,461 b/s,,0 b/s,3.53 kb/s,,90.7 kb/s,,4.11 kb/s,461 b/s,462 b/s,,,,,,,,,,,1.05 kb/s,0 b/s,9.28 kb/s,1.43 kb/s,462 b/s,462 b/s,,353 b/s,,86.2 kb/s,0 b/s,0 b/s,104 kb/s,0 b/s,,1.63 kb/s,,1.03 kb/s,5.61 kb/s,626 b/s,,448 b/s,25.4 kb/s,,86.9 kb/s,,1.40 kb/s,626 b/s,626 b/s,,,,,,,,,,,2.57 kb/s,485 b/s,1.33 kb/s,4.63 kb/s,626 b/s,626 b/s,,0 b/s
2024-03-04 16:44:00,,7.63 kb/s,0 b/s,0 b/s,20.9 kb/s,0 b/s,,8.54 kb/s,,945 b/s,2.79 kb/s,230 b/s,,0 b/s,3.50 kb/s,,12.2 kb/s,,3.84 kb/s,230 b/s,231 b/s,,,,,,,,,,,939 b/s,0 b/s,9.00 kb/s,716 b/s,231 b/s,231 b/s,,91.7 b/s,,11.5 kb/s,0 b/s,0 b/s,24.5 kb/s,0 b/s,,1.27 kb/s,,702 b/s,2.85 kb/s,380 b/s,,291 b/s,25.3 kb/s,,12.1 kb/s,,1.15 kb/s,380 b/s,380 b/s,,,,,,,,,,,1.76 kb/s,291 b/s,1.34 kb/s,2.37 kb/s,418 b/s,380 b/s,,0 b/s
2024-03-04 16:44:15,,27.7 kb/s,0 b/s,0 b/s,34.6 kb/s,0 b/s,,8.88 kb/s,,1.61 kb/s,5.61 kb/s,461 b/s,,0 b/s,3.53 kb/s,,33.1 kb/s,,4.07 kb/s,461 b/s,462 b/s,,,,,,,,,,,1.11 kb/s,0 b/s,9.16 kb/s,1.44 kb/s,462 b/s,462 b/s,,251 b/s,,29.3 kb/s,0 b/s,0 b/s,45.9 kb/s,0 b/s,,1.49 kb/s,,853 b/s,5.44 kb/s,492 b/s,,351 b/s,25.3 kb/s,,29.8 kb/s,,1.30 kb/s,529 b/s,492 b/s,,,,,,,,,,,2.53 kb/s,314 b/s,1.35 kb/s,4.50 kb/s,492 b/s,492 b/s,,0 b/s
2024-03-04 16:44:30,,4.11 kb/s,0 b/s,0 b/s,11.4 kb/s,0 b/s,,8.56 kb/s,,804 b/s,2.79 kb/s,230 b/s,,0 b/s,3.50 kb/s,,8.46 kb/s,,3.84 kb/s,230 b/s,231 b/s,,,,,,,,,,,763 b/s,0 b/s,9.18 kb/s,716 b/s,231 b/s,231 b/s,,105 b/s,,5.24 kb/s,0 b/s,0 b/s,20.7 kb/s,0 b/s,,1.53 kb/s,,763 b/s,3.05 kb/s,582 b/s,,493 b/s,25.5 kb/s,,6.20 kb/s,,1.36 kb/s,582 b/s,619 b/s,,,,,,,,,,,1.79 kb/s,493 b/s,1.28 kb/s,2.61 kb/s,582 b/s,619 b/s,,0 b/s
2024-03-04 16:44:45,,14.5 kb/s,0 b/s,0 b/s,27.2 kb/s,0 b/s,,8.88 kb/s,,1.61 kb/s,5.57 kb/s,461 b/s,,0 b/s,3.53 kb/s,,19.2 kb/s,,4.07 kb/s,461 b/s,481 b/s,,,,,,,,,,,1.07 kb/s,0 b/s,9.14 kb/s,1.43 kb/s,462 b/s,462 b/s,,138 b/s,,23.0 kb/s,0 b/s,0 b/s,31.9 kb/s,0 b/s,,1.49 kb/s,,853 b/s,5.49 kb/s,492 b/s,,314 b/s,25.3 kb/s,,23.4 kb/s,,1.27 kb/s,492 b/s,492 b/s,,,,,,,,,,,2.45 kb/s,314 b/s,1.33 kb/s,4.46 kb/s,492 b/s,492 b/s,,0 b/s
2024-03-04 16:45:00,,1.48 kb/s,0 b/s,0 b/s,13.5 kb/s,0 b/s,,8.54 kb/s,,945 b/s,2.82 kb/s,230 b/s,,0 b/s,3.50 kb/s,,5.68 kb/s,,3.84 kb/s,230 b/s,238 b/s,,,,,,,,,,,983 b/s,0 b/s,9.02 kb/s,716 b/s,231 b/s,231 b/s,,451 b/s,,3.83 kb/s,0 b/s,0 b/s,18.0 kb/s,0 b/s,,1.33 kb/s,,769 b/s,2.93 kb/s,447 b/s,,358 b/s,25.4 kb/s,,4.50 kb/s,,1.22 kb/s,447 b/s,447 b/s,,,,,,,,,,,1.88 kb/s,358 b/s,1.26 kb/s,2.46 kb/s,447 b/s,447 b/s,,0 b/s
2024-03-04 16:45:15,,13.7 kb/s,0 b/s,0 b/s,21.1 kb/s,0 b/s,,8.90 kb/s,,1.61 kb/s,5.58 kb/s,461 b/s,,0 b/s,3.53 kb/s,,18.5 kb/s,,4.07 kb/s,461 b/s,481 b/s,,,,,,,,,,,1.03 kb/s,0 b/s,9.27 kb/s,1.43 kb/s,462 b/s,462 b/s,,0 b/s,,15.7 kb/s,0 b/s,0 b/s,31.0 kb/s,0 b/s,,1.58 kb/s,,921 b/s,5.52 kb/s,559 b/s,,381 b/s,25.4 kb/s,,16.4 kb/s,,1.33 kb/s,559 b/s,559 b/s,,,,,,,,,,,2.48 kb/s,381 b/s,1.39 kb/s,4.54 kb/s,559 b/s,559 b/s,,0 b/s
2024-03-04 16:45:30,,11.1 Mb/s,0 b/s,0 b/s,11.0 Mb/s,0 b/s,,8.54 kb/s,,804 b/s,2.79 kb/s,230 b/s,,0 b/s,3.50 kb/s,,11.2 Mb/s,,3.84 kb/s,230 b/s,246 b/s,,,,,,,,,,,820 b/s,0 b/s,8.91 kb/s,716 b/s,231 b/s,231 b/s,,277 b/s,,10.6 Mb/s,0 b/s,0 b/s,11.3 Mb/s,0 b/s,,1.27 kb/s,,561 b/s,2.87 kb/s,380 b/s,,291 b/s,25.3 kb/s,,10.6 Mb/s,,1.15 kb/s,380 b/s,380 b/s,,,,,,,,,,,1.65 kb/s,291 b/s,1.21 kb/s,2.37 kb/s,380 b/s,380 b/s,,0 b/s
2024-03-04 16:45:45,,9.55 Mb/s,0 b/s,0 b/s,9.42 Mb/s,0 b/s,,8.82 kb/s,,1.61 kb/s,5.60 kb/s,461 b/s,,0 b/s,3.53 kb/s,,9.65 Mb/s,,4.08 kb/s,461 b/s,462 b/s,,,,,,,,,,,1.03 kb/s,0 b/s,9.37 kb/s,1.43 kb/s,462 b/s,462 b/s,,758 b/s,,9.05 Mb/s,0 b/s,0 b/s,9.70 Mb/s,0 b/s,,1.61 kb/s,,1.03 kb/s,5.63 kb/s,671 b/s,,493 b/s,25.5 kb/s,,9.05 Mb/s,,1.45 kb/s,671 b/s,671 b/s,,,,,,,,,,,2.59 kb/s,493 b/s,1.37 kb/s,4.66 kb/s,671 b/s,671 b/s,,0 b/s
2024-03-04 16:46:00,,56.6 Mb/s,0 b/s,0 b/s,55.7 Mb/s,0 b/s,,8.59 kb/s,,945 b/s,2.80 kb/s,230 b/s,,0 b/s,3.50 kb/s,,57.2 Mb/s,,3.84 kb/s,230 b/s,231 b/s,,,,,,,,,,,983 b/s,0 b/s,9.03 kb/s,728 b/s,231 b/s,231 b/s,,219 b/s,,53.5 Mb/s,0 b/s,0 b/s,57.4 Mb/s,0 b/s,,1.35 kb/s,,724 b/s,2.89 kb/s,403 b/s,,314 b/s,25.3 kb/s,,53.5 Mb/s,,1.18 kb/s,403 b/s,403 b/s,,,,,,,,,,,1.83 kb/s,314 b/s,1.37 kb/s,2.40 kb/s,403 b/s,403 b/s,,0 b/s
2024-03-04 16:46:15,,69.9 Mb/s,0 b/s,0 b/s,68.8 Mb/s,0 b/s,,8.90 kb/s,,1.61 kb/s,5.58 kb/s,461 b/s,,0 b/s,3.53 kb/s,,70.6 Mb/s,,4.07 kb/s,495 b/s,462 b/s,,,,,,,,,,,1.07 kb/s,0 b/s,9.18 kb/s,1.46 kb/s,497 b/s,462 b/s,,144 b/s,,66.0 Mb/s,0 b/s,0 b/s,70.8 Mb/s,0 b/s,,1.51 kb/s,,853 b/s,5.53 kb/s,492 b/s,,314 b/s,25.3 kb/s,,66.0 Mb/s,,1.27 kb/s,492 b/s,492 b/s,,,,,,,,,,,2.45 kb/s,314 b/s,1.42 kb/s,4.47 kb/s,492 b/s,492 b/s,,0 b/s
2024-03-04 16:46:30,,71.1 Mb/s,0 b/s,0 b/s,69.9 Mb/s,0 b/s,,8.54 kb/s,,804 b/s,2.81 kb/s,272 b/s,,0 b/s,3.50 kb/s,,71.8 Mb/s,,3.84 kb/s,266 b/s,231 b/s,,,,,,,,,,,603 b/s,0 b/s,9.10 kb/s,728 b/s,248 b/s,231 b/s,,89.6 b/s,,67.1 Mb/s,0 b/s,0 b/s,72.0 Mb/s,0 b/s,,1.40 kb/s,,695 b/s,3.09 kb/s,515 b/s,,426 b/s,25.4 kb/s,,67.1 Mb/s,,1.29 kb/s,515 b/s,515 b/s,,,,,,,,,,,1.56 kb/s,426 b/s,1.33 kb/s,2.53 kb/s,515 b/s,515 b/s,,0 b/s
2024-03-04 16:46:45,,69.6 Mb/s,0 b/s,0 b/s,68.5 Mb/s,0 b/s,,8.88 kb/s,,1.61 kb/s,5.59 kb/s,490 b/s,,0 b/s,3.53 kb/s,,70.3 Mb/s,,4.07 kb/s,465 b/s,462 b/s,,,,,,,,,,,540 b/s,0 b/s,9.26 kb/s,1.46 kb/s,495 b/s,462 b/s,,193 b/s,,65.8 Mb/s,0 b/s,0 b/s,70.5 Mb/s,0 b/s,,1.49 kb/s,,853 b/s,5.53 kb/s,492 b/s,,314 b/s,25.3 kb/s,,65.8 Mb/s,,1.27 kb/s,492 b/s,492 b/s,,,,,,,,,,,1.92 kb/s,314 b/s,1.51 kb/s,4.48 kb/s,492 b/s,492 b/s,,0 b/s
2024-03-04 16:47:00,,69.9 Mb/s,0 b/s,0 b/s,68.7 Mb/s,0 b/s,,8.54 kb/s,,945 b/s,2.75 kb/s,245 b/s,,0 b/s,3.50 kb/s,,70.6 Mb/s,,3.84 kb/s,242 b/s,231 b/s,,,,,,,,,,,411 b/s,0 b/s,9.11 kb/s,728 b/s,231 b/s,231 b/s,,119 b/s,,65.9 Mb/s,0 b/s,0 b/s,70.8 Mb/s,0 b/s,,1.40 kb/s,,836 b/s,3.03 kb/s,552 b/s,,426 b/s,25.4 kb/s,,65.9 Mb/s,,1.29 kb/s,515 b/s,515 b/s,,,,,,,,,,,1.37 kb/s,426 b/s,1.41 kb/s,2.47 kb/s,515 b/s,515 b/s,,0 b/s
2024-03-04 16:47:15,,70.7 Mb/s,0 b/s,0 b/s,69.6 Mb/s,0 b/s,,8.85 kb/s,,1.61 kb/s,5.56 kb/s,461 b/s,,0 b/s,3.53 kb/s,,71.4 Mb/s,,4.07 kb/s,461 b/s,462 b/s,,,,,,,,,,,540 b/s,0 b/s,9.35 kb/s,1.50 kb/s,462 b/s,462 b/s,,301 b/s,,66.7 Mb/s,0 b/s,0 b/s,71.7 Mb/s,0 b/s,,1.53 kb/s,,921 b/s,5.57 kb/s,559 b/s,,381 b/s,25.4 kb/s,,66.7 Mb/s,,1.33 kb/s,559 b/s,559 b/s,,,,,,,,,,,1.99 kb/s,381 b/s,1.53 kb/s,4.51 kb/s,559 b/s,559 b/s,,0 b/s
2024-03-04 16:47:30,,71.6 Mb/s,0 b/s,0 b/s,70.4 Mb/s,0 b/s,,8.59 kb/s,,804 b/s,2.75 kb/s,230 b/s,,0 b/s,3.50 kb/s,,72.3 Mb/s,,3.84 kb/s,230 b/s,231 b/s,,,,,,,,,,,270 b/s,0 b/s,8.97 kb/s,728 b/s,231 b/s,231 b/s,,601 b/s,,67.5 Mb/s,0 b/s,0 b/s,72.5 Mb/s,0 b/s,,1.32 kb/s,,561 b/s,2.86 kb/s,380 b/s,,291 b/s,25.3 kb/s,,67.5 Mb/s,,1.15 kb/s,380 b/s,380 b/s,,,,,,,,,,,1.10 kb/s,291 b/s,1.33 kb/s,2.33 kb/s,380 b/s,380 b/s,,0 b/s
2024-03-04 16:47:45,,69.4 Mb/s,0 b/s,0 b/s,68.3 Mb/s,0 b/s,,8.86 kb/s,,1.77 kb/s,5.54 kb/s,541 b/s,,0 b/s,3.53 kb/s,,70.1 Mb/s,,4.15 kb/s,461 b/s,462 b/s,,,,,,,,,,,540 b/s,0 b/s,9.38 kb/s,1.46 kb/s,462 b/s,462 b/s,,1.11 kb/s,,65.5 Mb/s,0 b/s,0 b/s,70.3 Mb/s,0 b/s,,1.66 kb/s,,1.21 kb/s,5.67 kb/s,773 b/s,,515 b/s,25.5 kb/s,,65.5 Mb/s,,1.55 kb/s,693 b/s,693 b/s,,,,,,,,,,,2.12 kb/s,553 b/s,1.42 kb/s,4.63 kb/s,693 b/s,693 b/s,,0 b/s
2024-03-04 16:48:00,,70.7 Mb/s,0 b/s,0 b/s,69.6 Mb/s,0 b/s,,8.59 kb/s,,945 b/s,2.76 kb/s,230 b/s,,0 b/s,3.50 kb/s,,71.5 Mb/s,,3.84 kb/s,230 b/s,231 b/s,,,,,,,,,,,411 b/s,0 b/s,9.07 kb/s,728 b/s,231 b/s,231 b/s,,1.12 kb/s,,66.7 Mb/s,0 b/s,0 b/s,71.7 Mb/s,0 b/s,,1.32 kb/s,,739 b/s,2.87 kb/s,380 b/s,,291 b/s,25.3 kb/s,,66.7 Mb/s,,1.15 kb/s,380 b/s,380 b/s,,,,,,,,,,,1.24 kb/s,291 b/s,1.49 kb/s,2.34 kb/s,380 b/s,380 b/s,,0 b/s
2024-03-04 16:48:15,,68.4 Mb/s,0 b/s,0 b/s,67.3 Mb/s,0 b/s,,8.87 kb/s,,1.61 kb/s,5.51 kb/s,461 b/s,,0 b/s,3.53 kb/s,,69.1 Mb/s,,4.07 kb/s,461 b/s,462 b/s,,,,,,,,,,,540 b/s,0 b/s,9.25 kb/s,1.46 kb/s,462 b/s,462 b/s,,1.24 kb/s,,64.5 Mb/s,0 b/s,0 b/s,69.3 Mb/s,0 b/s,,1.51 kb/s,,898 b/s,5.54 kb/s,537 b/s,,358 b/s,25.3 kb/s,,64.5 Mb/s,,1.31 kb/s,537 b/s,537 b/s,,,,,,,,,,,1.97 kb/s,358 b/s,1.48 kb/s,4.44 kb/s,574 b/s,537 b/s,,0 b/s
2024-03-04 16:48:30,,70.5 Mb/s,0 b/s,0 b/s,69.4 Mb/s,0 b/s,,8.59 kb/s,,804 b/s,2.76 kb/s,230 b/s,,0 b/s,3.50 kb/s,,71.2 Mb/s,,3.84 kb/s,230 b/s,231 b/s,,,,,,,,,,,270 b/s,0 b/s,9.13 kb/s,728 b/s,231 b/s,231 b/s,,944 b/s,,66.5 Mb/s,0 b/s,0 b/s,71.4 Mb/s,0 b/s,,1.48 kb/s,,718 b/s,3.03 kb/s,537 b/s,,448 b/s,25.4 kb/s,,66.5 Mb/s,,1.31 kb/s,537 b/s,537 b/s,,,,,,,,,,,1.29 kb/s,448 b/s,1.33 kb/s,2.49 kb/s,537 b/s,537 b/s,,0 b/s
2024-03-04 16:48:45,,69.7 Mb/s,0 b/s,0 b/s,68.6 Mb/s,0 b/s,,8.85 kb/s,,1.61 kb/s,5.53 kb/s,461 b/s,,0 b/s,3.53 kb/s,,70.4 Mb/s,,4.07 kb/s,461 b/s,462 b/s,,,,,,,,,,,540 b/s,0 b/s,9.28 kb/s,1.46 kb/s,462 b/s,462 b/s,,1.91 kb/s,,65.8 Mb/s,0 b/s,0 b/s,70.6 Mb/s,0 b/s,,1.46 kb/s,,853 b/s,5.47 kb/s,492 b/s,,314 b/s,25.3 kb/s,,65.8 Mb/s,,1.30 kb/s,529 b/s,492 b/s,,,,,,,,,,,1.92 kb/s,314 b/s,1.51 kb/s,4.42 kb/s,492 b/s,492 b/s,,0 b/s
2024-03-04 16:49:00,,69.8 Mb/s,0 b/s,0 b/s,68.6 Mb/s,0 b/s,,8.59 kb/s,,945 b/s,2.80 kb/s,230 b/s,,0 b/s,3.50 kb/s,,70.5 Mb/s,,3.84 kb/s,230 b/s,231 b/s,,,,,,,,,,,411 b/s,0 b/s,9.11 kb/s,728 b/s,231 b/s,231 b/s,,772 b/s,,65.9 Mb/s,0 b/s,0 b/s,70.7 Mb/s,0 b/s,,1.46 kb/s,,836 b/s,3.00 kb/s,515 b/s,,463 b/s,25.4 kb/s,,65.9 Mb/s,,1.30 kb/s,515 b/s,552 b/s,,,,,,,,,,,1.37 kb/s,426 b/s,1.33 kb/s,2.55 kb/s,515 b/s,515 b/s,,0 b/s
2024-03-04 16:49:15,,70.5 Mb/s,0 b/s,0 b/s,69.3 Mb/s,0 b/s,,8.85 kb/s,,1.61 kb/s,5.61 kb/s,461 b/s,,0 b/s,3.53 kb/s,,71.2 Mb/s,,4.07 kb/s,461 b/s,462 b/s,,,,,,,,,,,540 b/s,0 b/s,9.30 kb/s,1.46 kb/s,462 b/s,462 b/s,,706 b/s,,66.4 Mb/s,0 b/s,0 b/s,71.4 Mb/s,0 b/s,,1.53 kb/s,,921 b/s,5.53 kb/s,559 b/s,,381 b/s,25.4 kb/s,,66.4 Mb/s,,1.33 kb/s,559 b/s,559 b/s,,,,,,,,,,,1.99 kb/s,381 b/s,1.55 kb/s,4.55 kb/s,559 b/s,565 b/s,,0 b/s
2024-03-04 16:49:30,,69.0 Mb/s,0 b/s,0 b/s,67.9 Mb/s,0 b/s,,8.59 kb/s,,804 b/s,2.79 kb/s,230 b/s,,0 b/s,3.50 kb/s,,69.7 Mb/s,,3.84 kb/s,230 b/s,231 b/s,,,,,,,,,,,270 b/s,0 b/s,9.03 kb/s,728 b/s,231 b/s,250 b/s,,98.1 b/s,,65.1 Mb/s,0 b/s,0 b/s,69.9 Mb/s,0 b/s,,1.32 kb/s,,561 b/s,2.90 kb/s,380 b/s,,291 b/s,25.3 kb/s,,65.1 Mb/s,,1.15 kb/s,380 b/s,380 b/s,,,,,,,,,,,1.10 kb/s,291 b/s,1.37 kb/s,2.37 kb/s,380 b/s,418 b/s,,0 b/s
2024-03-04 16:49:45,,69.5 Mb/s,0 b/s,0 b/s,68.5 Mb/s,0 b/s,,8.89 kb/s,,1.61 kb/s,5.54 kb/s,461 b/s,,0 b/s,3.53 kb/s,,70.2 Mb/s,,4.07 kb/s,461 b/s,462 b/s,,,,,,,,,,,540 b/s,0 b/s,9.47 kb/s,1.46 kb/s,462 b/s,497 b/s,,176 b/s,,65.7 Mb/s,0 b/s,0 b/s,70.4 Mb/s,0 b/s,,1.70 kb/s,,1.05 kb/s,5.79 kb/s,693 b/s,,515 b/s,25.5 kb/s,,65.7 Mb/s,,1.47 kb/s,693 b/s,700 b/s,,,,,,,,,,,2.12 kb/s,515 b/s,1.47 kb/s,4.62 kb/s,693 b/s,693 b/s,,0 b/s
2024-03-04 16:50:00,,71.2 Mb/s,0 b/s,0 b/s,70.0 Mb/s,0 b/s,,8.59 kb/s,,945 b/s,2.79 kb/s,230 b/s,,0 b/s,3.50 kb/s,,71.9 Mb/s,,3.84 kb/s,230 b/s,231 b/s,,,,,,,,,,,411 b/s,0 b/s,9.03 kb/s,728 b/s,231 b/s,248 b/s,,1.43 kb/s,,67.2 Mb/s,0 b/s,0 b/s,72.1 Mb/s,0 b/s,,1.32 kb/s,,702 b/s,2.92 kb/s,380 b/s,,291 b/s,25.3 kb/s,,67.2 Mb/s,,1.15 kb/s,380 b/s,380 b/s,,,,,,,,,,,1.24 kb/s,291 b/s,1.40 kb/s,2.36 kb/s,387 b/s,380 b/s,,0 b/s
2024-03-04 16:50:15,,70.6 Mb/s,0 b/s,0 b/s,69.4 Mb/s,0 b/s,,8.85 kb/s,,1.61 kb/s,5.63 kb/s,461 b/s,,0 b/s,3.53 kb/s,,71.3 Mb/s,,4.07 kb/s,461 b/s,462 b/s,,,,,,,,,,,540 b/s,0 b/s,9.18 kb/s,1.46 kb/s,462 b/s,477 b/s,,433 b/s,,66.6 Mb/s,0 b/s,0 b/s,71.6 Mb/s,0 b/s,,1.46 kb/s,,853 b/s,5.48 kb/s,498 b/s,,314 b/s,25.3 kb/s,,66.6 Mb/s,,1.27 kb/s,498 b/s,492 b/s,,,,,,,,,,,1.92 kb/s,314 b/s,1.42 kb/s,4.50 kb/s,492 b/s,492 b/s,,0 b/s
2024-03-04 16:50:30,,71.9 Mb/s,0 b/s,0 b/s,70.7 Mb/s,0 b/s,,8.54 kb/s,,804 b/s,2.79 kb/s,230 b/s,,0 b/s,3.50 kb/s,,72.6 Mb/s,,3.87 kb/s,230 b/s,231 b/s,,,,,,,,,,,270 b/s,0 b/s,9.21 kb/s,728 b/s,231 b/s,231 b/s,,782 b/s,,67.8 Mb/s,0 b/s,0 b/s,72.9 Mb/s,0 b/s,,1.47 kb/s,,763 b/s,3.10 kb/s,582 b/s,,493 b/s,25.5 kb/s,,67.8 Mb/s,,1.36 kb/s,582 b/s,582 b/s,,,,,,,,,,,1.30 kb/s,493 b/s,1.43 kb/s,2.57 kb/s,582 b/s,582 b/s,,0 b/s
2024-03-04 16:50:45,,71.2 Mb/s,0 b/s,0 b/s,70.0 Mb/s,0 b/s,,8.90 kb/s,,1.61 kb/s,5.57 kb/s,461 b/s,,0 b/s,3.53 kb/s,,71.9 Mb/s,,4.10 kb/s,461 b/s,462 b/s,,,,,,,,,,,540 b/s,0 b/s,9.29 kb/s,1.46 kb/s,462 b/s,462 b/s,,589 b/s,,67.1 Mb/s,0 b/s,0 b/s,72.1 Mb/s,0 b/s,,1.51 kb/s,,853 b/s,5.50 kb/s,492 b/s,,314 b/s,25.3 kb/s,,67.1 Mb/s,,1.27 kb/s,492 b/s,492 b/s,,,,,,,,,,,1.92 kb/s,314 b/s,1.53 kb/s,4.46 kb/s,492 b/s,492 b/s,,0 b/s
2024-03-04 16:51:00,,70.5 Mb/s,0 b/s,0 b/s,69.4 Mb/s,0 b/s,,8.54 kb/s,,945 b/s,2.82 kb/s,230 b/s,,0 b/s,3.50 kb/s,,71.2 Mb/s,,3.84 kb/s,230 b/s,231 b/s,,,,,,,,,,,411 b/s,0 b/s,9.04 kb/s,728 b/s,231 b/s,231 b/s,,89.6 b/s,,66.5 Mb/s,0 b/s,0 b/s,71.4 Mb/s,0 b/s,,1.36 kb/s,,791 b/s,2.95 kb/s,470 b/s,,381 b/s,25.4 kb/s,,66.5 Mb/s,,1.24 kb/s,470 b/s,470 b/s,,,,,,,,,,,1.33 kb/s,381 b/s,1.31 kb/s,2.49 kb/s,470 b/s,470 b/s,,0 b/s
2024-03-04 16:51:15,,71.9 Mb/s,0 b/s,0 b/s,70.7 Mb/s,0 b/s,,8.90 kb/s,,1.61 kb/s,5.58 kb/s,461 b/s,,0 b/s,3.53 kb/s,,72.6 Mb/s,,4.07 kb/s,461 b/s,462 b/s,,,,,,,,,,,540 b/s,0 b/s,9.25 kb/s,1.46 kb/s,462 b/s,462 b/s,,1.83 kb/s,,67.8 Mb/s,0 b/s,0 b/s,72.9 Mb/s,0 b/s,,1.56 kb/s,,898 b/s,5.51 kb/s,537 b/s,,358 b/s,25.3 kb/s,,67.8 Mb/s,,1.31 kb/s,537 b/s,537 b/s,,,,,,,,,,,1.97 kb/s,358 b/s,1.45 kb/s,4.52 kb/s,537 b/s,537 b/s,,0 b/s
2024-03-04 16:51:30,,71.1 Mb/s,0 b/s,0 b/s,70.0 Mb/s,0 b/s,,8.54 kb/s,,804 b/s,2.78 kb/s,230 b/s,,0 b/s,3.50 kb/s,,71.8 Mb/s,,3.84 kb/s,230 b/s,231 b/s,,,,,,,,,,,270 b/s,0 b/s,9.07 kb/s,728 b/s,231 b/s,231 b/s,,537 b/s,,67.1 Mb/s,0 b/s,0 b/s,72.0 Mb/s,0 b/s,,1.27 kb/s,,561 b/s,2.86 kb/s,380 b/s,,291 b/s,25.3 kb/s,,67.1 Mb/s,,1.15 kb/s,380 b/s,380 b/s,,,,,,,,,,,1.10 kb/s,291 b/s,1.49 kb/s,2.36 kb/s,380 b/s,380 b/s,,0 b/s
2024-03-04 16:51:45,,71.3 Mb/s,0 b/s,0 b/s,70.1 Mb/s,0 b/s,,8.85 kb/s,,1.61 kb/s,5.61 kb/s,461 b/s,,0 b/s,3.53 kb/s,,72.0 Mb/s,,4.07 kb/s,461 b/s,494 b/s,,,,,,,,,,,540 b/s,0 b/s,9.40 kb/s,1.46 kb/s,462 b/s,462 b/s,,89.6 b/s,,67.2 Mb/s,0 b/s,0 b/s,72.2 Mb/s,0 b/s,,1.64 kb/s,,1.03 kb/s,5.68 kb/s,671 b/s,,493 b/s,25.5 kb/s,,67.2 Mb/s,,1.45 kb/s,671 b/s,671 b/s,,,,,,,,,,,2.10 kb/s,493 b/s,1.47 kb/s,4.68 kb/s,671 b/s,671 b/s,,0 b/s
2024-03-04 16:52:00,,71.9 Mb/s,0 b/s,0 b/s,70.7 Mb/s,0 b/s,,8.59 kb/s,,804 b/s,2.83 kb/s,230 b/s,,0 b/s,3.50 kb/s,,72.6 Mb/s,,3.84 kb/s,230 b/s,269 b/s,,,,,,,,,,,270 b/s,0 b/s,8.97 kb/s,770 b/s,231 b/s,231 b/s,,319 b/s,,67.8 Mb/s,0 b/s,0 b/s,72.9 Mb/s,0 b/s,,1.35 kb/s,,583 b/s,2.97 kb/s,403 b/s,,314 b/s,25.3 kb/s,,67.8 Mb/s,,1.18 kb/s,403 b/s,403 b/s,,,,,,,,,,,1.12 kb/s,314 b/s,1.31 kb/s,2.44 kb/s,403 b/s,403 b/s,,0 b/s
2024-03-04 16:52:15,,71.2 Mb/s,0 b/s,0 b/s,70.0 Mb/s,0 b/s,,8.82 kb/s,,1.75 kb/s,5.60 kb/s,461 b/s,,0 b/s,3.53 kb/s,,71.9 Mb/s,,4.07 kb/s,461 b/s,466 b/s,,,,,,,,,,,681 b/s,0 b/s,9.29 kb/s,1.46 kb/s,462 b/s,462 b/s,,375 b/s,,67.1 Mb/s,0 b/s,0 b/s,72.1 Mb/s,0 b/s,,1.44 kb/s,,994 b/s,5.46 kb/s,492 b/s,,314 b/s,25.3 kb/s,,67.1 Mb/s,,1.27 kb/s,492 b/s,492 b/s,,,,,,,,,,,2.06 kb/s,314 b/s,1.53 kb/s,4.48 kb/s,492 b/s,492 b/s,,0 b/s
2024-03-04 16:52:30,,71.2 Mb/s,0 b/s,0 b/s,70.0 Mb/s,0 b/s,,8.61 kb/s,,804 b/s,2.78 kb/s,230 b/s,,0 b/s,3.50 kb/s,,71.9 Mb/s,,3.85 kb/s,230 b/s,242 b/s,,,,,,,,,,,270 b/s,0 b/s,9.18 kb/s,728 b/s,231 b/s,231 b/s,,779 b/s,,67.1 Mb/s,0 b/s,0 b/s,72.1 Mb/s,0 b/s,,1.55 kb/s,,763 b/s,3.09 kb/s,582 b/s,,493 b/s,25.5 kb/s,,67.1 Mb/s,,1.36 kb/s,582 b/s,582 b/s,,,,,,,,,,,1.30 kb/s,493 b/s,1.41 kb/s,2.56 kb/s,582 b/s,582 b/s,,0 b/s
2024-03-04 16:52:45,,71.2 Mb/s,0 b/s,0 b/s,70.0 Mb/s,0 b/s,,8.82 kb/s,,1.61 kb/s,5.60 kb/s,461 b/s,,0 b/s,3.53 kb/s,,71.9 Mb/s,,4.07 kb/s,461 b/s,462 b/s,,,,,,,,,,,540 b/s,0 b/s,9.29 kb/s,1.46 kb/s,462 b/s,462 b/s,,89.6 b/s,,67.1 Mb/s,0 b/s,0 b/s,72.1 Mb/s,0 b/s,,1.44 kb/s,,853 b/s,5.46 kb/s,492 b/s,,314 b/s,25.3 kb/s,,67.1 Mb/s,,1.27 kb/s,492 b/s,492 b/s,,,,,,,,,,,1.92 kb/s,314 b/s,1.53 kb/s,4.48 kb/s,492 b/s,492 b/s,,0 b/s
2024-03-04 16:53:00,,69.7 Mb/s,0 b/s,0 b/s,68.5 Mb/s,0 b/s,,8.56 kb/s,,964 b/s,2.80 kb/s,310 b/s,,0 b/s,3.50 kb/s,,70.4 Mb/s,,3.92 kb/s,230 b/s,231 b/s,,,,,,,,,,,270 b/s,0 b/s,9.06 kb/s,728 b/s,231 b/s,231 b/s,,495 b/s,,65.7 Mb/s,0 b/s,0 b/s,70.6 Mb/s,0 b/s,,1.38 kb/s,,811 b/s,2.95 kb/s,550 b/s,,381 b/s,25.4 kb/s,,65.7 Mb/s,,1.32 kb/s,470 b/s,470 b/s,,,,,,,,,,,1.19 kb/s,381 b/s,1.33 kb/s,2.47 kb/s,470 b/s,470 b/s,,0 b/s
2024-03-04 16:53:15,,71.2 Mb/s,0 b/s,0 b/s,70.0 Mb/s,0 b/s,,8.88 kb/s,,1.75 kb/s,5.58 kb/s,468 b/s,,0 b/s,3.53 kb/s,,71.9 Mb/s,,4.07 kb/s,495 b/s,462 b/s,,,,,,,,,,,681 b/s,0 b/s,9.25 kb/s,1.46 kb/s,532 b/s,462 b/s,,133 b/s,,67.1 Mb/s,0 b/s,0 b/s,72.1 Mb/s,0 b/s,,1.54 kb/s,,1.04 kb/s,5.62 kb/s,537 b/s,,358 b/s,25.3 kb/s,,67.1 Mb/s,,1.31 kb/s,537 b/s,537 b/s,,,,,,,,,,,2.11 kb/s,358 b/s,1.45 kb/s,4.52 kb/s,537 b/s,537 b/s,,0 b/s
2024-03-04 16:53:30,,71.9 Mb/s,0 b/s,0 b/s,70.7 Mb/s,0 b/s,,8.54 kb/s,,804 b/s,2.80 kb/s,293 b/s,,0 b/s,3.50 kb/s,,72.6 Mb/s,,3.84 kb/s,266 b/s,231 b/s,,,,,,,,,,,270 b/s,0 b/s,9.07 kb/s,728 b/s,231 b/s,231 b/s,,501 b/s,,67.8 Mb/s,0 b/s,0 b/s,72.9 Mb/s,0 b/s,,1.27 kb/s,,561 b/s,2.96 kb/s,380 b/s,,291 b/s,25.3 kb/s,,67.8 Mb/s,,1.15 kb/s,380 b/s,380 b/s,,,,,,,,,,,1.10 kb/s,291 b/s,1.49 kb/s,2.38 kb/s,380 b/s,380 b/s,,0 b/s
2024-03-04 16:53:45,,71.2 Mb/s,0 b/s,0 b/s,70.0 Mb/s,0 b/s,,8.90 kb/s,,1.61 kb/s,5.60 kb/s,476 b/s,,0 b/s,3.53 kb/s,,71.9 Mb/s,,4.07 kb/s,476 b/s,462 b/s,,,,,,,,,,,540 b/s,0 b/s,9.40 kb/s,1.43 kb/s,477 b/s,462 b/s,,89.6 b/s,,67.1 Mb/s,0 b/s,0 b/s,72.1 Mb/s,0 b/s,,1.72 kb/s,,1.05 kb/s,5.68 kb/s,693 b/s,,515 b/s,25.5 kb/s,,67.1 Mb/s,,1.47 kb/s,693 b/s,693 b/s,,,,,,,,,,,2.12 kb/s,515 b/s,1.45 kb/s,4.69 kb/s,693 b/s,693 b/s,,0 b/s
2024-03-04 16:54:00,,70.4 Mb/s,0 b/s,0 b/s,69.3 Mb/s,0 b/s,,8.54 kb/s,,804 b/s,2.78 kb/s,230 b/s,,0 b/s,3.50 kb/s,,71.1 Mb/s,,3.84 kb/s,230 b/s,231 b/s,,,,,,,,,,,270 b/s,0 b/s,8.97 kb/s,716 b/s,231 b/s,231 b/s,,228 b/s,,66.4 Mb/s,0 b/s,0 b/s,71.3 Mb/s,0 b/s,,1.27 kb/s,,561 b/s,2.85 kb/s,418 b/s,,291 b/s,25.3 kb/s,,66.4 Mb/s,,1.15 kb/s,380 b/s,380 b/s,,,,,,,,,,,1.10 kb/s,291 b/s,1.33 kb/s,2.36 kb/s,380 b/s,380 b/s,,0 b/s
2024-03-04 16:54:15,,70.4 Mb/s,0 b/s,0 b/s,69.3 Mb/s,0 b/s,,8.85 kb/s,,1.75 kb/s,5.59 kb/s,461 b/s,,0 b/s,3.53 kb/s,,71.1 Mb/s,,4.07 kb/s,461 b/s,462 b/s,,,,,,,,,,,681 b/s,0 b/s,9.29 kb/s,1.43 kb/s,462 b/s,462 b/s,,45.9 b/s,,66.4 Mb/s,0 b/s,0 b/s,71.3 Mb/s,0 b/s,,1.46 kb/s,,994 b/s,5.44 kb/s,492 b/s,,314 b/s,25.3 kb/s,,66.4 Mb/s,,1.27 kb/s,492 b/s,492 b/s,,,,,,,,,,,2.06 kb/s,314 b/s,1.53 kb/s,4.48 kb/s,492 b/s,492 b/s,,0 b/s
2024-03-04 16:54:30,,70.4 Mb/s,0 b/s,0 b/s,69.3 Mb/s,0 b/s,,8.60 kb/s,,804 b/s,2.82 kb/s,230 b/s,,0 b/s,3.50 kb/s,,71.1 Mb/s,,3.84 kb/s,230 b/s,231 b/s,,,,,,,,,,,270 b/s,0 b/s,9.15 kb/s,716 b/s,231 b/s,231 b/s,,450 b/s,,66.4 Mb/s,0 b/s,0 b/s,71.3 Mb/s,0 b/s,,1.53 kb/s,,763 b/s,3.06 kb/s,582 b/s,,493 b/s,25.5 kb/s,,66.4 Mb/s,,1.36 kb/s,582 b/s,582 b/s,,,,,,,,,,,1.30 kb/s,493 b/s,1.31 kb/s,2.60 kb/s,582 b/s,582 b/s,,0 b/s
2024-03-04 16:54:45,,71.2 Mb/s,0 b/s,0 b/s,70.0 Mb/s,0 b/s,,8.83 kb/s,,1.61 kb/s,5.57 kb/s,461 b/s,,0 b/s,3.53 kb/s,,71.9 Mb/s,,4.07 kb/s,461 b/s,462 b/s,,,,,,,,,,,540 b/s,0 b/s,9.26 kb/s,1.43 kb/s,462 b/s,462 b/s,,98.1 b/s,,67.1 Mb/s,0 b/s,0 b/s,72.1 Mb/s,0 b/s,,1.44 kb/s,,853 b/s,5.44 kb/s,492 b/s,,314 b/s,25.3 kb/s,,67.1 Mb/s,,1.27 kb/s,492 b/s,492 b/s,,,,,,,,,,,1.92 kb/s,314 b/s,1.57 kb/s,4.46 kb/s,492 b/s,492 b/s,,0 b/s
2024-03-04 16:55:00,,71.9 Mb/s,0 b/s,0 b/s,70.7 Mb/s,0 b/s,,8.62 kb/s,,804 b/s,2.79 kb/s,230 b/s,,0 b/s,3.50 kb/s,,72.6 Mb/s,,3.84 kb/s,230 b/s,231 b/s,,,,,,,,,,,270 b/s,0 b/s,9.08 kb/s,716 b/s,231 b/s,231 b/s,,1.70 kb/s,,67.8 Mb/s,0 b/s,0 b/s,72.9 Mb/s,0 b/s,,1.41 kb/s,,628 b/s,2.92 kb/s,447 b/s,,358 b/s,25.4 kb/s,,67.8 Mb/s,,1.22 kb/s,447 b/s,447 b/s,,,,,,,,,,,1.16 kb/s,358 b/s,1.37 kb/s,2.43 kb/s,447 b/s,447 b/s,,0 b/s
2024-03-04 16:55:15,,71.2 Mb/s,0 b/s,0 b/s,70.0 Mb/s,0 b/s,,8.85 kb/s,,1.75 kb/s,5.61 kb/s,461 b/s,,0 b/s,3.53 kb/s,,71.9 Mb/s,,4.07 kb/s,461 b/s,462 b/s,,,,,,,,,,,681 b/s,0 b/s,9.37 kb/s,1.43 kb/s,462 b/s,462 b/s,,179 b/s,,67.1 Mb/s,0 b/s,0 b/s,72.1 Mb/s,0 b/s,,1.57 kb/s,,1.13 kb/s,5.61 kb/s,626 b/s,,448 b/s,25.4 kb/s,,67.1 Mb/s,,1.40 kb/s,626 b/s,626 b/s,,,,,,,,,,,2.20 kb/s,448 b/s,1.47 kb/s,4.64 kb/s,626 b/s,626 b/s,,0 b/s
2024-03-04 16:55:30,,71.2 Mb/s,0 b/s,0 b/s,70.0 Mb/s,0 b/s,,8.56 kb/s,,804 b/s,2.78 kb/s,230 b/s,,0 b/s,3.50 kb/s,,71.9 Mb/s,,3.84 kb/s,230 b/s,231 b/s,,,,,,,,,,,270 b/s,0 b/s,9.05 kb/s,716 b/s,231 b/s,231 b/s,,841 b/s,,67.1 Mb/s,0 b/s,0 b/s,72.1 Mb/s,0 b/s,,1.29 kb/s,,561 b/s,2.87 kb/s,380 b/s,,291 b/s,25.3 kb/s,,67.1 Mb/s,,1.15 kb/s,380 b/s,380 b/s,,,,,,,,,,,1.10 kb/s,291 b/s,1.40 kb/s,2.36 kb/s,380 b/s,380 b/s,,0 b/s
2024-03-04 16:55:45,,70.5 Mb/s,0 b/s,0 b/s,69.3 Mb/s,0 b/s,,8.88 kb/s,,1.61 kb/s,5.58 kb/s,461 b/s,,0 b/s,3.53 kb/s,,71.2 Mb/s,,4.07 kb/s,461 b/s,462 b/s,,,,,,,,,,,540 b/s,0 b/s,9.41 kb/s,1.43 kb/s,462 b/s,462 b/s,,87.5 b/s,,66.5 Mb/s,0 b/s,0 b/s,71.4 Mb/s,0 b/s,,1.69 kb/s,,1.05 kb/s,5.64 kb/s,693 b/s,,515 b/s,25.5 kb/s,,66.5 Mb/s,,1.47 kb/s,693 b/s,693 b/s,,,,,,,,,,,2.12 kb/s,515 b/s,1.52 kb/s,4.67 kb/s,693 b/s,693 b/s,,0 b/s
2024-03-04 16:56:00,,14.3 Mb/s,0 b/s,0 b/s,14.1 Mb/s,0 b/s,,8.54 kb/s,,804 b/s,2.83 kb/s,230 b/s,,0 b/s,3.50 kb/s,,14.4 Mb/s,,3.84 kb/s,230 b/s,231 b/s,,,,,,,,,,,270 b/s,0 b/s,8.96 kb/s,716 b/s,231 b/s,231 b/s,,932 b/s,,13.5 Mb/s,0 b/s,0 b/s,14.5 Mb/s,0 b/s,,1.27 kb/s,,561 b/s,2.85 kb/s,380 b/s,,291 b/s,25.3 kb/s,,13.5 Mb/s,,1.15 kb/s,380 b/s,380 b/s,,,,,,,,,,,1.10 kb/s,329 b/s,1.26 kb/s,2.40 kb/s,380 b/s,380 b/s,,0 b/s
2024-03-04 16:56:15,,3.36 kb/s,0 b/s,0 b/s,9.28 kb/s,0 b/s,,8.91 kb/s,,1.75 kb/s,5.57 kb/s,461 b/s,,0 b/s,3.53 kb/s,,8.06 kb/s,,4.07 kb/s,461 b/s,462 b/s,,,,,,,,,,,680 b/s,0 b/s,9.22 kb/s,1.44 kb/s,462 b/s,481 b/s,,310 b/s,,3.32 kb/s,0 b/s,0 b/s,20.1 kb/s,0 b/s,,1.51 kb/s,,994 b/s,5.48 kb/s,492 b/s,,314 b/s,25.3 kb/s,,4.40 kb/s,,1.27 kb/s,492 b/s,492 b/s,,,,,,,,,,,2.06 kb/s,314 b/s,1.39 kb/s,4.46 kb/s,492 b/s,492 b/s,,0 b/s
2024-03-04 16:56:30,,41.9 kb/s,0 b/s,0 b/s,49.6 kb/s,0 b/s,,8.54 kb/s,,804 b/s,2.78 kb/s,230 b/s,,0 b/s,3.50 kb/s,,47.8 kb/s,,3.84 kb/s,230 b/s,231 b/s,,,,,,,,,,,270 b/s,0 b/s,9.19 kb/s,716 b/s,231 b/s,248 b/s,,1.18 kb/s,,42.4 kb/s,0 b/s,0 b/s,59.8 kb/s,0 b/s,,1.47 kb/s,,800 b/s,3.10 kb/s,582 b/s,,493 b/s,25.5 kb/s,,43.7 kb/s,,1.36 kb/s,582 b/s,582 b/s,,,,,,,,,,,1.30 kb/s,493 b/s,1.26 kb/s,2.56 kb/s,582 b/s,582 b/s,,0 b/s
2024-03-04 16:56:45,,2.33 kb/s,0 b/s,0 b/s,5.84 kb/s,0 b/s,,8.89 kb/s,,1.61 kb/s,5.61 kb/s,461 b/s,,0 b/s,3.53 kb/s,,7.12 kb/s,,4.07 kb/s,461 b/s,462 b/s,,,,,,,,,,,540 b/s,0 b/s,9.16 kb/s,1.47 kb/s,462 b/s,497 b/s,,191 b/s,,2.45 kb/s,0 b/s,0 b/s,19.0 kb/s,0 b/s,,1.46 kb/s,,853 b/s,5.57 kb/s,492 b/s,,314 b/s,25.3 kb/s,,3.53 kb/s,,1.27 kb/s,492 b/s,492 b/s,,,,,,,,,,,1.92 kb/s,314 b/s,1.33 kb/s,4.50 kb/s,492 b/s,492 b/s,,0 b/s
2024-03-04 16:57:00,,401 b/s,0 b/s,0 b/s,8.14 kb/s,0 b/s,,8.59 kb/s,,804 b/s,2.80 kb/s,230 b/s,,0 b/s,3.50 kb/s,,5.02 kb/s,,3.84 kb/s,230 b/s,231 b/s,,,,,,,,,,,270 b/s,0 b/s,9.09 kb/s,716 b/s,231 b/s,246 b/s,,886 b/s,,170 b/s,0 b/s,0 b/s,16.8 kb/s,0 b/s,,1.41 kb/s,,651 b/s,2.96 kb/s,470 b/s,,381 b/s,25.4 kb/s,,1.42 kb/s,,1.24 kb/s,470 b/s,470 b/s,,,,,,,,,,,1.19 kb/s,381 b/s,1.34 kb/s,2.47 kb/s,507 b/s,470 b/s,,0 b/s
2024-03-04 16:57:15,,446 b/s,0 b/s,0 b/s,5.26 kb/s,0 b/s,,8.85 kb/s,,1.75 kb/s,5.57 kb/s,461 b/s,,0 b/s,3.53 kb/s,,4.95 kb/s,,4.07 kb/s,461 b/s,462 b/s,,,,,,,,,,,681 b/s,0 b/s,9.28 kb/s,1.43 kb/s,462 b/s,462 b/s,,998 b/s,,192 b/s,0 b/s,0 b/s,16.8 kb/s,0 b/s,,1.57 kb/s,,1.11 kb/s,5.55 kb/s,604 b/s,,426 b/s,25.4 kb/s,,1.40 kb/s,,1.38 kb/s,604 b/s,604 b/s,,,,,,,,,,,2.17 kb/s,426 b/s,1.35 kb/s,4.57 kb/s,604 b/s,604 b/s,,0 b/s
2024-03-04 16:57:30,,1.87 kb/s,0 b/s,0 b/s,9.53 kb/s,0 b/s,,8.59 kb/s,,804 b/s,2.78 kb/s,230 b/s,,0 b/s,3.50 kb/s,,6.56 kb/s,,3.87 kb/s,230 b/s,231 b/s,,,,,,,,,,,270 b/s,0 b/s,8.91 kb/s,716 b/s,231 b/s,231 b/s,,1.96 kb/s,,1.78 kb/s,0 b/s,0 b/s,18.4 kb/s,0 b/s,,1.32 kb/s,,561 b/s,2.88 kb/s,380 b/s,,291 b/s,25.3 kb/s,,2.85 kb/s,,1.15 kb/s,418 b/s,380 b/s,,,,,,,,,,,1.13 kb/s,291 b/s,1.21 kb/s,2.36 kb/s,380 b/s,380 b/s,,0 b/s
2024-03-04 16:57:45,,7.69 kb/s,0 b/s,0 b/s,11.3 kb/s,0 b/s,,8.82 kb/s,,1.61 kb/s,5.56 kb/s,461 b/s,,0 b/s,3.53 kb/s,,12.5 kb/s,,4.11 kb/s,461 b/s,462 b/s,,,,,,,,,,,540 b/s,0 b/s,9.43 kb/s,1.43 kb/s,462 b/s,462 b/s,,45.9 b/s,,7.64 kb/s,0 b/s,0 b/s,24.4 kb/s,0 b/s,,1.64 kb/s,,1.05 kb/s,5.68 kb/s,693 b/s,,515 b/s,25.5 kb/s,,9.02 kb/s,,1.47 kb/s,693 b/s,693 b/s,,,,,,,,,,,2.12 kb/s,515 b/s,1.41 kb/s,4.65 kb/s,693 b/s,693 b/s,,0 b/s
2024-03-04 16:58:00,,25.2 kb/s,0 b/s,0 b/s,32.7 kb/s,0 b/s,,8.61 kb/s,,804 b/s,2.78 kb/s,230 b/s,,0 b/s,3.50 kb/s,,30.9 kb/s,,3.84 kb/s,230 b/s,231 b/s,,,,,,,,,,,270 b/s,0 b/s,8.94 kb/s,716 b/s,231 b/s,231 b/s,,981 b/s,,26.0 kb/s,0 b/s,0 b/s,43.0 kb/s,0 b/s,,1.35 kb/s,,561 b/s,2.85 kb/s,380 b/s,,291 b/s,25.3 kb/s,,27.1 kb/s,,1.15 kb/s,380 b/s,380 b/s,,,,,,,,,,,1.10 kb/s,291 b/s,1.24 kb/s,2.36 kb/s,380 b/s,380 b/s,,0 b/s
2024-03-04 16:58:15,,401 b/s,0 b/s,0 b/s,4.79 kb/s,0 b/s,,8.82 kb/s,,1.91 kb/s,5.60 kb/s,541 b/s,,0 b/s,3.53 kb/s,,5.06 kb/s,,4.15 kb/s,461 b/s,462 b/s,,,,,,,,,,,681 b/s,0 b/s,9.25 kb/s,1.43 kb/s,462 b/s,462 b/s,,0 b/s,,214 b/s,0 b/s,0 b/s,16.8 kb/s,0 b/s,,1.46 kb/s,,1.18 kb/s,5.46 kb/s,594 b/s,,336 b/s,25.3 kb/s,,1.42 kb/s,,1.41 kb/s,514 b/s,514 b/s,,,,,,,,,,,2.09 kb/s,336 b/s,1.41 kb/s,4.52 kb/s,514 b/s,514 b/s,,0 b/s
2024-03-04 16:58:30,,1.27 kb/s,0 b/s,0 b/s,11.4 kb/s,0 b/s,,8.61 kb/s,,804 b/s,2.80 kb/s,230 b/s,,0 b/s,3.50 kb/s,,5.88 kb/s,,3.84 kb/s,230 b/s,231 b/s,,,,,,,,,,,270 b/s,0 b/s,9.03 kb/s,716 b/s,231 b/s,231 b/s,,901 b/s,,1.14 kb/s,0 b/s,0 b/s,17.7 kb/s,0 b/s,,1.46 kb/s,,673 b/s,2.96 kb/s,492 b/s,,441 b/s,25.4 kb/s,,2.30 kb/s,,1.27 kb/s,492 b/s,492 b/s,,,,,,,,,,,1.21 kb/s,403 b/s,1.21 kb/s,2.53 kb/s,492 b/s,492 b/s,,0 b/s
2024-03-04 16:58:45,,37.7 kb/s,0 b/s,0 b/s,46.4 kb/s,0 b/s,,8.77 kb/s,,1.61 kb/s,5.59 kb/s,461 b/s,,0 b/s,3.53 kb/s,,44.1 kb/s,,4.07 kb/s,461 b/s,522 b/s,,,,,,,,,,,540 b/s,0 b/s,9.19 kb/s,1.43 kb/s,462 b/s,462 b/s,,308 b/s,,40.5 kb/s,0 b/s,0 b/s,56.3 kb/s,0 b/s,,1.39 kb/s,,853 b/s,5.50 kb/s,492 b/s,,314 b/s,25.3 kb/s,,41.8 kb/s,,1.27 kb/s,492 b/s,529 b/s,,,,,,,,,,,1.92 kb/s,314 b/s,1.37 kb/s,4.47 kb/s,492 b/s,492 b/s,,0 b/s
2024-03-04 16:59:00,,54.2 kb/s,0 b/s,0 b/s,83.5 kb/s,0 b/s,,8.65 kb/s,,804 b/s,2.80 kb/s,230 b/s,,0 b/s,3.50 kb/s,,66.6 kb/s,,3.84 kb/s,230 b/s,241 b/s,,,,,,,,,,,270 b/s,0 b/s,9.09 kb/s,716 b/s,231 b/s,231 b/s,,893 b/s,,72.8 kb/s,0 b/s,0 b/s,80.6 kb/s,0 b/s,,1.49 kb/s,,673 b/s,2.97 kb/s,492 b/s,,403 b/s,25.4 kb/s,,74.0 kb/s,,1.27 kb/s,492 b/s,492 b/s,,,,,,,,,,,1.21 kb/s,403 b/s,1.28 kb/s,2.49 kb/s,492 b/s,492 b/s,,0 b/s
2024-03-04 16:59:15,,3.30 kb/s,0 b/s,0 b/s,9.09 kb/s,0 b/s,,8.79 kb/s,,1.75 kb/s,5.59 kb/s,461 b/s,,0 b/s,3.53 kb/s,,7.98 kb/s,,4.08 kb/s,461 b/s,477 b/s,,,,,,,,,,,681 b/s,0 b/s,9.19 kb/s,1.43 kb/s,462 b/s,462 b/s,,270 b/s,,3.21 kb/s,0 b/s,0 b/s,19.7 kb/s,0 b/s,,1.42 kb/s,,1.02 kb/s,5.49 kb/s,514 b/s,,336 b/s,25.3 kb/s,,4.39 kb/s,,1.29 kb/s,514 b/s,514 b/s,,,,,,,,,,,2.09 kb/s,336 b/s,1.35 kb/s,4.50 kb/s,514 b/s,514 b/s,,0 b/s
2024-03-04 16:59:30,,644 b/s,0 b/s,0 b/s,10.1 kb/s,0 b/s,,8.59 kb/s,,804 b/s,2.81 kb/s,230 b/s,,0 b/s,3.50 kb/s,,5.31 kb/s,,3.84 kb/s,230 b/s,231 b/s,,,,,,,,,,,270 b/s,0 b/s,8.94 kb/s,716 b/s,231 b/s,231 b/s,,1.38 kb/s,,525 b/s,0 b/s,0 b/s,17.1 kb/s,0 b/s,,1.32 kb/s,,561 b/s,2.85 kb/s,380 b/s,,291 b/s,25.3 kb/s,,1.62 kb/s,,1.16 kb/s,380 b/s,380 b/s,,,,,,,,,,,1.10 kb/s,291 b/s,1.24 kb/s,2.38 kb/s,380 b/s,380 b/s,,0 b/s
2024-03-04 16:59:45,,39.2 kb/s,0 b/s,0 b/s,44.2 kb/s,0 b/s,,8.85 kb/s,,1.61 kb/s,5.59 kb/s,461 b/s,,0 b/s,3.53 kb/s,,44.7 kb/s,,4.07 kb/s,461 b/s,462 b/s,,,,,,,,,,,540 b/s,0 b/s,9.41 kb/s,1.43 kb/s,462 b/s,462 b/s,,2.76 kb/s,,39.5 kb/s,0 b/s,0 b/s,56.7 kb/s,0 b/s,,1.66 kb/s,,1.05 kb/s,5.64 kb/s,693 b/s,,515 b/s,25.5 kb/s,,40.8 kb/s,,1.47 kb/s,693 b/s,693 b/s,,,,,,,,,,,2.12 kb/s,515 b/s,1.39 kb/s,4.67 kb/s,693 b/s,737 b/s,,0 b/s
2024-03-04 17:00:00,,1.37 kb/s,0 b/s,0 b/s,8.93 kb/s,0 b/s,,8.59 kb/s,,804 b/s,2.80 kb/s,230 b/s,,0 b/s,3.50 kb/s,,6.18 kb/s,,3.84 kb/s,233 b/s,231 b/s,,,,,,,,,,,270 b/s,0 b/s,8.96 kb/s,716 b/s,255 b/s,231 b/s,,1.99 kb/s,,1.25 kb/s,0 b/s,0 b/s,18.0 kb/s,0 b/s,,1.36 kb/s,,561 b/s,2.88 kb/s,380 b/s,,291 b/s,25.3 kb/s,,2.37 kb/s,,1.15 kb/s,380 b/s,380 b/s,,,,,,,,,,,1.10 kb/s,291 b/s,1.26 kb/s,2.37 kb/s,380 b/s,380 b/s,,0 b/s
2024-03-04 17:00:15,,1.80 kb/s,0 b/s,0 b/s,7.43 kb/s,0 b/s,,8.82 kb/s,,1.75 kb/s,5.62 kb/s,512 b/s,,0 b/s,3.53 kb/s,,6.48 kb/s,,4.07 kb/s,529 b/s,462 b/s,,,,,,,,,,,681 b/s,0 b/s,9.17 kb/s,1.43 kb/s,508 b/s,462 b/s,,509 b/s,,1.76 kb/s,0 b/s,0 b/s,18.3 kb/s,0 b/s,,1.46 kb/s,,1.02 kb/s,5.66 kb/s,514 b/s,,336 b/s,25.3 kb/s,,2.88 kb/s,,1.29 kb/s,514 b/s,521 b/s,,,,,,,,,,,2.09 kb/s,336 b/s,1.33 kb/s,4.52 kb/s,514 b/s,514 b/s,,0 b/s
2024-03-04 17:00:30,,1.52 kb/s,0 b/s,0 b/s,9.17 kb/s,0 b/s,,8.61 kb/s,,804 b/s,2.79 kb/s,250 b/s,,0 b/s,3.50 kb/s,,6.17 kb/s,,3.84 kb/s,234 b/s,231 b/s,,,,,,,,,,,270 b/s,0 b/s,9.16 kb/s,716 b/s,235 b/s,231 b/s,,881 b/s,,1.36 kb/s,0 b/s,0 b/s,18.0 kb/s,0 b/s,,1.53 kb/s,,740 b/s,3.06 kb/s,559 b/s,,470 b/s,25.5 kb/s,,2.66 kb/s,,1.33 kb/s,559 b/s,559 b/s,,,,,,,,,,,1.27 kb/s,470 b/s,1.28 kb/s,2.54 kb/s,566 b/s,559 b/s,,0 b/s
2024-03-04 17:00:45,,34.1 kb/s,0 b/s,0 b/s,38.5 kb/s,0 b/s,,8.77 kb/s,,1.61 kb/s,5.57 kb/s,476 b/s,,0 b/s,3.53 kb/s,,40.4 kb/s,,4.07 kb/s,473 b/s,462 b/s,,,,,,,,,,,540 b/s,0 b/s,9.19 kb/s,1.43 kb/s,474 b/s,462 b/s,,724 b/s,,35.4 kb/s,0 b/s,0 b/s,52.5 kb/s,0 b/s,,1.38 kb/s,,853 b/s,5.47 kb/s,498 b/s,,314 b/s,25.3 kb/s,,36.6 kb/s,,1.27 kb/s,498 b/s,492 b/s,,,,,,,,,,,1.92 kb/s,314 b/s,1.37 kb/s,4.45 kb/s,492 b/s,492 b/s,,0 b/s
2024-03-04 17:01:00,,229 kb/s,0 b/s,0 b/s,239 kb/s,0 b/s,,8.67 kb/s,,804 b/s,2.81 kb/s,230 b/s,,0 b/s,3.50 kb/s,,239 kb/s,,3.84 kb/s,230 b/s,231 b/s,,,,,,,,,,,270 b/s,0 b/s,9.07 kb/s,716 b/s,231 b/s,231 b/s,,1.20 kb/s,,231 kb/s,0 b/s,0 b/s,253 kb/s,0 b/s,,1.49 kb/s,,651 b/s,2.94 kb/s,470 b/s,,381 b/s,25.4 kb/s,,232 kb/s,,1.24 kb/s,470 b/s,470 b/s,,,,,,,,,,,1.19 kb/s,381 b/s,1.28 kb/s,2.48 kb/s,470 b/s,470 b/s,,0 b/s
2024-03-04 17:01:15,,276 kb/s,0 b/s,0 b/s,290 kb/s,0 b/s,,8.77 kb/s,,1.75 kb/s,5.59 kb/s,461 b/s,,0 b/s,3.53 kb/s,,290 kb/s,,4.07 kb/s,461 b/s,462 b/s,,,,,,,,,,,680 b/s,0 b/s,9.21 kb/s,1.43 kb/s,462 b/s,462 b/s,,209 b/s,,283 kb/s,0 b/s,0 b/s,305 kb/s,0 b/s,,1.42 kb/s,,1.04 kb/s,5.49 kb/s,536 b/s,,358 b/s,25.3 kb/s,,285 kb/s,,1.31 kb/s,536 b/s,536 b/s,,,,,,,,,,,2.11 kb/s,358 b/s,1.35 kb/s,4.52 kb/s,536 b/s,536 b/s,,0 b/s
2024-03-04 17:01:30,,500 kb/s,0 b/s,0 b/s,531 kb/s,0 b/s,,8.65 kb/s,,804 b/s,2.83 kb/s,230 b/s,,0 b/s,3.50 kb/s,,521 kb/s,,3.84 kb/s,230 b/s,231 b/s,,,,,,,,,,,270 b/s,0 b/s,8.94 kb/s,764 b/s,231 b/s,231 b/s,,902 b/s,,517 kb/s,0 b/s,0 b/s,537 kb/s,0 b/s,,1.38 kb/s,,561 b/s,2.90 kb/s,380 b/s,,291 b/s,25.3 kb/s,,518 kb/s,,1.15 kb/s,380 b/s,380 b/s,,,,,,,,,,,1.10 kb/s,291 b/s,1.24 kb/s,2.40 kb/s,380 b/s,380 b/s,,0 b/s
2024-03-04 17:01:45,,310 kb/s,0 b/s,0 b/s,348 kb/s,0 b/s,,8.79 kb/s,,1.61 kb/s,5.61 kb/s,461 b/s,,0 b/s,3.53 kb/s,,331 kb/s,,4.07 kb/s,461 b/s,462 b/s,,,,,,,,,,,540 b/s,0 b/s,9.43 kb/s,1.43 kb/s,462 b/s,462 b/s,,444 b/s,,337 kb/s,0 b/s,0 b/s,348 kb/s,0 b/s,,1.60 kb/s,,1.05 kb/s,5.64 kb/s,693 b/s,,515 b/s,25.5 kb/s,,338 kb/s,,1.47 kb/s,693 b/s,693 b/s,,,,,,,,,,,2.12 kb/s,515 b/s,1.41 kb/s,4.70 kb/s,693 b/s,693 b/s,,0 b/s
2024-03-04 17:02:00,,16.7 kb/s,0 b/s,0 b/s,27.1 kb/s,0 b/s,,8.68 kb/s,,804 b/s,2.79 kb/s,230 b/s,,0 b/s,3.50 kb/s,,22.3 kb/s,,3.84 kb/s,230 b/s,231 b/s,,,,,,,,,,,270 b/s,0 b/s,8.96 kb/s,716 b/s,231 b/s,231 b/s,,873 b/s,,17.9 kb/s,0 b/s,0 b/s,34.4 kb/s,0 b/s,,1.38 kb/s,,561 b/s,2.88 kb/s,380 b/s,,291 b/s,25.3 kb/s,,19.0 kb/s,,1.15 kb/s,380 b/s,380 b/s,,,,,,,,,,,1.10 kb/s,291 b/s,1.26 kb/s,2.37 kb/s,380 b/s,380 b/s,,0 b/s
2024-03-04 17:02:15,,7.32 kb/s,0 b/s,0 b/s,13.2 kb/s,0 b/s,,8.77 kb/s,,1.75 kb/s,5.57 kb/s,461 b/s,,0 b/s,3.53 kb/s,,12.5 kb/s,,4.07 kb/s,461 b/s,462 b/s,,,,,,,,,,,681 b/s,0 b/s,9.17 kb/s,1.43 kb/s,462 b/s,462 b/s,,133 b/s,,7.68 kb/s,0 b/s,0 b/s,24.5 kb/s,0 b/s,,1.38 kb/s,,994 b/s,5.46 kb/s,492 b/s,,314 b/s,25.3 kb/s,,8.84 kb/s,,1.27 kb/s,492 b/s,492 b/s,,,,,,,,,,,2.06 kb/s,314 b/s,1.33 kb/s,4.46 kb/s,492 b/s,492 b/s,,0 b/s
2024-03-04 17:02:30,,157 kb/s,0 b/s,0 b/s,173 kb/s,0 b/s,,8.61 kb/s,,804 b/s,2.82 kb/s,230 b/s,,0 b/s,3.50 kb/s,,166 kb/s,,3.84 kb/s,230 b/s,231 b/s,,,,,,,,,,,270 b/s,0 b/s,9.11 kb/s,716 b/s,231 b/s,231 b/s,,939 b/s,,162 kb/s,0 b/s,0 b/s,180 kb/s,0 b/s,,1.48 kb/s,,695 b/s,2.99 kb/s,515 b/s,,426 b/s,25.4 kb/s,,163 kb/s,,1.29 kb/s,515 b/s,515 b/s,,,,,,,,,,,1.23 kb/s,426 b/s,1.28 kb/s,2.53 kb/s,515 b/s,515 b/s,,0 b/s
2024-03-04 17:02:45,,13.0 kb/s,0 b/s,0 b/s,19.9 kb/s,0 b/s,,8.82 kb/s,,1.61 kb/s,5.59 kb/s,461 b/s,,0 b/s,3.53 kb/s,,18.5 kb/s,,4.07 kb/s,461 b/s,462 b/s,,,,,,,,,,,540 b/s,0 b/s,9.19 kb/s,1.43 kb/s,462 b/s,462 b/s,,551 b/s,,13.9 kb/s,0 b/s,0 b/s,30.5 kb/s,0 b/s,,1.44 kb/s,,853 b/s,5.44 kb/s,492 b/s,,314 b/s,25.3 kb/s,,15.0 kb/s,,1.27 kb/s,492 b/s,492 b/s,,,,,,,,,,,1.92 kb/s,314 b/s,1.37 kb/s,4.48 kb/s,492 b/s,492 b/s,,0 b/s
2024-03-04 17:03:00,,2.20 kb/s,0 b/s,0 b/s,10.0 kb/s,0 b/s,,8.60 kb/s,,804 b/s,2.78 kb/s,230 b/s,,0 b/s,3.50 kb/s,,6.97 kb/s,,3.84 kb/s,230 b/s,231 b/s,,,,,,,,,,,270 b/s,0 b/s,9.07 kb/s,716 b/s,231 b/s,231 b/s,,898 b/s,,2.26 kb/s,0 b/s,0 b/s,18.9 kb/s,0 b/s,,1.46 kb/s,,695 b/s,2.99 kb/s,515 b/s,,426 b/s,25.4 kb/s,,3.50 kb/s,,1.29 kb/s,515 b/s,515 b/s,,,,,,,,,,,1.23 kb/s,426 b/s,1.24 kb/s,2.49 kb/s,515 b/s,515 b/s,,0 b/s
2024-03-04 17:03:15,,2.67 kb/s,0 b/s,0 b/s,7.45 kb/s,0 b/s,,8.85 kb/s,,1.68 kb/s,5.60 kb/s,496 b/s,,0 b/s,3.53 kb/s,,7.66 kb/s,,4.10 kb/s,461 b/s,462 b/s,,,,,,,,,,,540 b/s,0 b/s,9.28 kb/s,1.43 kb/s,462 b/s,498 b/s,,175 b/s,,2.83 kb/s,0 b/s,0 b/s,19.5 kb/s,0 b/s,,1.46 kb/s,,924 b/s,5.52 kb/s,527 b/s,,314 b/s,25.3 kb/s,,3.99 kb/s,,1.30 kb/s,492 b/s,492 b/s,,,,,,,,,,,1.92 kb/s,314 b/s,1.41 kb/s,4.49 kb/s,492 b/s,492 b/s,,0 b/s
2024-03-04 17:03:30,,21.8 kb/s,0 b/s,0 b/s,31.2 kb/s,0 b/s,,8.64 kb/s,,1.03 kb/s,2.79 kb/s,275 b/s,,0 b/s,3.50 kb/s,,27.5 kb/s,,3.88 kb/s,230 b/s,231 b/s,,,,,,,,,,,411 b/s,0 b/s,8.94 kb/s,716 b/s,231 b/s,231 b/s,,801 b/s,,22.7 kb/s,0 b/s,0 b/s,39.7 kb/s,0 b/s,,1.32 kb/s,,791 b/s,2.90 kb/s,425 b/s,,291 b/s,25.3 kb/s,,23.8 kb/s,,1.20 kb/s,380 b/s,380 b/s,,,,,,,,,,,1.24 kb/s,291 b/s,1.24 kb/s,2.37 kb/s,380 b/s,380 b/s,,0 b/s
2024-03-04 17:03:45,,29.2 kb/s,0 b/s,0 b/s,36.1 kb/s,0 b/s,,8.82 kb/s,,1.61 kb/s,5.59 kb/s,461 b/s,,0 b/s,3.53 kb/s,,35.3 kb/s,,4.07 kb/s,461 b/s,462 b/s,,,,,,,,,,,540 b/s,0 b/s,9.38 kb/s,1.43 kb/s,462 b/s,497 b/s,,1.77 kb/s,,30.5 kb/s,0 b/s,0 b/s,47.6 kb/s,0 b/s,,1.57 kb/s,,988 b/s,5.62 kb/s,626 b/s,,448 b/s,25.4 kb/s,,31.9 kb/s,,1.40 kb/s,626 b/s,626 b/s,,,,,,,,,,,2.06 kb/s,448 b/s,1.41 kb/s,4.61 kb/s,626 b/s,626 b/s,,0 b/s
2024-03-04 17:04:00,,9.47 kb/s,0 b/s,0 b/s,21.4 kb/s,0 b/s,,8.61 kb/s,,804 b/s,2.81 kb/s,230 b/s,,0 b/s,3.50 kb/s,,14.6 kb/s,,3.84 kb/s,230 b/s,231 b/s,,,,,,,,,,,270 b/s,0 b/s,8.91 kb/s,716 b/s,231 b/s,246 b/s,,1.11 kb/s,,9.86 kb/s,0 b/s,0 b/s,26.6 kb/s,0 b/s,,1.35 kb/s,,561 b/s,2.87 kb/s,380 b/s,,291 b/s,25.3 kb/s,,10.9 kb/s,,1.15 kb/s,380 b/s,380 b/s,,,,,,,,,,,1.10 kb/s,291 b/s,1.21 kb/s,2.39 kb/s,380 b/s,380 b/s,,0 b/s
2024-03-04 17:04:15,,3.11 kb/s,0 b/s,0 b/s,8.17 kb/s,0 b/s,,8.82 kb/s,,1.61 kb/s,5.59 kb/s,461 b/s,,0 b/s,3.53 kb/s,,8.01 kb/s,,4.10 kb/s,461 b/s,462 b/s,,,,,,,,,,,540 b/s,0 b/s,9.19 kb/s,1.43 kb/s,462 b/s,462 b/s,,179 b/s,,3.20 kb/s,0 b/s,0 b/s,19.9 kb/s,0 b/s,,1.44 kb/s,,853 b/s,5.47 kb/s,492 b/s,,314 b/s,25.3 kb/s,,4.34 kb/s,,1.27 kb/s,492 b/s,492 b/s,,,,,,,,,,,1.92 kb/s,314 b/s,1.37 kb/s,4.48 kb/s,492 b/s,492 b/s,,0 b/s
2024-03-04 17:04:30,,9.58 kb/s,0 b/s,0 b/s,17.6 kb/s,0 b/s,,8.59 kb/s,,945 b/s,2.79 kb/s,230 b/s,,0 b/s,3.50 kb/s,,14.8 kb/s,,3.86 kb/s,230 b/s,231 b/s,,,,,,,,,,,411 b/s,0 b/s,9.11 kb/s,716 b/s,231 b/s,231 b/s,,603 b/s,,9.97 kb/s,0 b/s,0 b/s,26.7 kb/s,0 b/s,,1.46 kb/s,,836 b/s,3.01 kb/s,515 b/s,,426 b/s,25.4 kb/s,,11.2 kb/s,,1.29 kb/s,515 b/s,515 b/s,,,,,,,,,,,1.37 kb/s,426 b/s,1.28 kb/s,2.50 kb/s,515 b/s,515 b/s,,0 b/s
2024-03-04 17:04:45,,6.36 kb/s,0 b/s,0 b/s,11.9 kb/s,0 b/s,,8.85 kb/s,,1.61 kb/s,5.60 kb/s,461 b/s,,0 b/s,3.53 kb/s,,11.5 kb/s,,4.08 kb/s,461 b/s,462 b/s,,,,,,,,,,,540 b/s,0 b/s,9.19 kb/s,1.43 kb/s,462 b/s,462 b/s,,133 b/s,,6.84 kb/s,0 b/s,0 b/s,23.5 kb/s,0 b/s,,1.46 kb/s,,853 b/s,5.45 kb/s,492 b/s,,314 b/s,25.3 kb/s,,7.96 kb/s,,1.27 kb/s,492 b/s,492 b/s,,,,,,,,,,,1.92 kb/s,314 b/s,1.37 kb/s,4.49 kb/s,492 b/s,492 b/s,,0 b/s
2024-03-04 17:05:00,,3.39 kb/s,0 b/s,0 b/s,12.5 kb/s,0 b/s,,8.59 kb/s,,804 b/s,2.79 kb/s,230 b/s,,0 b/s,3.50 kb/s,,8.34 kb/s,,3.84 kb/s,230 b/s,231 b/s,,,,,,,,,,,270 b/s,0 b/s,9.00 kb/s,716 b/s,231 b/s,231 b/s,,1.08 kb/s,,3.60 kb/s,0 b/s,0 b/s,20.3 kb/s,0 b/s,,1.39 kb/s,,628 b/s,2.92 kb/s,447 b/s,,358 b/s,25.4 kb/s,,4.76 kb/s,,1.22 kb/s,447 b/s,447 b/s,,,,,,,,,,,1.16 kb/s,358 b/s,1.24 kb/s,2.43 kb/s,447 b/s,447 b/s,,0 b/s
2024-03-04 17:05:15,,4.63 kb/s,0 b/s,0 b/s,10.6 kb/s,0 b/s,,8.85 kb/s,,1.61 kb/s,5.61 kb/s,461 b/s,,0 b/s,3.53 kb/s,,9.68 kb/s,,4.07 kb/s,461 b/s,462 b/s,,,,,,,,,,,540 b/s,0 b/s,9.34 kb/s,1.43 kb/s,462 b/s,462 b/s,,133 b/s,,4.88 kb/s,0 b/s,0 b/s,21.6 kb/s,0 b/s,,1.59 kb/s,,988 b/s,5.57 kb/s,626 b/s,,448 b/s,25.4 kb/s,,6.15 kb/s,,1.40 kb/s,626 b/s,626 b/s,,,,,,,,,,,2.06 kb/s,448 b/s,1.39 kb/s,4.63 kb/s,626 b/s,626 b/s,,0 b/s
2024-03-04 17:05:30,,12.8 kb/s,0 b/s,0 b/s,20.2 kb/s,0 b/s,,8.59 kb/s,,945 b/s,2.80 kb/s,230 b/s,,0 b/s,3.50 kb/s,,18.2 kb/s,,3.84 kb/s,230 b/s,263 b/s,,,,,,,,,,,411 b/s,0 b/s,8.96 kb/s,716 b/s,231 b/s,231 b/s,,841 b/s,,13.4 kb/s,0 b/s,0 b/s,30.2 kb/s,0 b/s,,1.32 kb/s,,702 b/s,2.88 kb/s,380 b/s,,291 b/s,25.3 kb/s,,14.5 kb/s,,1.15 kb/s,380 b/s,380 b/s,,,,,,,,,,,1.24 kb/s,291 b/s,1.26 kb/s,2.37 kb/s,380 b/s,380 b/s,,0 b/s
2024-03-04 17:05:45,,3.07 kb/s,0 b/s,0 b/s,6.52 kb/s,0 b/s,,8.82 kb/s,,1.61 kb/s,5.58 kb/s,461 b/s,,0 b/s,3.53 kb/s,,7.80 kb/s,,4.07 kb/s,461 b/s,493 b/s,,,,,,,,,,,540 b/s,0 b/s,9.35 kb/s,1.43 kb/s,462 b/s,462 b/s,,235 b/s,,3.04 kb/s,0 b/s,0 b/s,19.7 kb/s,0 b/s,,1.64 kb/s,,1.05 kb/s,5.67 kb/s,693 b/s,,515 b/s,25.5 kb/s,,4.34 kb/s,,1.47 kb/s,693 b/s,693 b/s,,,,,,,,,,,2.12 kb/s,515 b/s,1.33 kb/s,4.67 kb/s,693 b/s,693 b/s,,0 b/s
2024-03-04 17:06:00,,3.98 kb/s,0 b/s,0 b/s,11.7 kb/s,0 b/s,,8.61 kb/s,,804 b/s,2.81 kb/s,230 b/s,,0 b/s,3.50 kb/s,,9.06 kb/s,,3.84 kb/s,230 b/s,242 b/s,,,,,,,,,,,270 b/s,0 b/s,9.00 kb/s,716 b/s,231 b/s,231 b/s,,801 b/s,,4.26 kb/s,0 b/s,0 b/s,21.0 kb/s,0 b/s,,1.35 kb/s,,561 b/s,2.86 kb/s,380 b/s,,291 b/s,25.3 kb/s,,5.40 kb/s,,1.15 kb/s,380 b/s,380 b/s,,,,,,,,,,,1.10 kb/s,291 b/s,1.30 kb/s,2.39 kb/s,380 b/s,380 b/s,,0 b/s
2024-03-04 17:06:15,,3.80 kb/s,0 b/s,0 b/s,8.63 kb/s,0 b/s,,8.82 kb/s,,1.61 kb/s,5.62 kb/s,461 b/s,,0 b/s,3.53 kb/s,,8.88 kb/s,,4.08 kb/s,461 b/s,474 b/s,,,,,,,,,,,540 b/s,0 b/s,9.17 kb/s,1.47 kb/s,462 b/s,462 b/s,,221 b/s,,4.33 kb/s,0 b/s,0 b/s,20.8 kb/s,0 b/s,,1.44 kb/s,,853 b/s,5.51 kb/s,492 b/s,,314 b/s,25.3 kb/s,,5.45 kb/s,,1.27 kb/s,492 b/s,492 b/s,,,,,,,,,,,1.92 kb/s,314 b/s,1.35 kb/s,4.51 kb/s,492 b/s,492 b/s,,0 b/s
2024-03-04 17:06:30,,10.3 kb/s,0 b/s,0 b/s,19.6 kb/s,0 b/s,,8.59 kb/s,,945 b/s,2.79 kb/s,230 b/s,,0 b/s,3.50 kb/s,,15.6 kb/s,,3.84 kb/s,230 b/s,231 b/s,,,,,,,,,,,411 b/s,0 b/s,9.22 kb/s,716 b/s,231 b/s,231 b/s,,2.55 kb/s,,10.6 kb/s,0 b/s,0 b/s,27.6 kb/s,0 b/s,,1.53 kb/s,,903 b/s,3.05 kb/s,582 b/s,,493 b/s,25.5 kb/s,,12.0 kb/s,,1.36 kb/s,582 b/s,582 b/s,,,,,,,,,,,1.44 kb/s,493 b/s,1.32 kb/s,2.57 kb/s,582 b/s,582 b/s,,486 b/s
2024-03-04 17:06:45,,61.7 kb/s,0 b/s,0 b/s,68.4 kb/s,0 b/s,,8.85 kb/s,,1.61 kb/s,5.61 kb/s,461 b/s,,0 b/s,3.53 kb/s,,68.0 kb/s,,4.07 kb/s,463 b/s,462 b/s,,,,,,,,,,,540 b/s,0 b/s,9.15 kb/s,1.44 kb/s,486 b/s,462 b/s,,631 b/s,,63.3 kb/s,0 b/s,0 b/s,80.4 kb/s,0 b/s,,1.46 kb/s,,853 b/s,5.47 kb/s,492 b/s,,314 b/s,25.3 kb/s,,64.4 kb/s,,1.27 kb/s,492 b/s,492 b/s,,,,,,,,,,,1.92 kb/s,314 b/s,1.33 kb/s,4.50 kb/s,492 b/s,492 b/s,,0 b/s
2024-03-04 17:07:00,,4.81 kb/s,0 b/s,0 b/s,12.8 kb/s,0 b/s,,8.59 kb/s,,804 b/s,2.79 kb/s,270 b/s,,0 b/s,3.50 kb/s,,9.76 kb/s,,3.84 kb/s,263 b/s,231 b/s,,,,,,,,,,,270 b/s,0 b/s,9.07 kb/s,716 b/s,231 b/s,231 b/s,,785 b/s,,4.96 kb/s,0 b/s,0 b/s,21.6 kb/s,0 b/s,,1.44 kb/s,,673 b/s,3.04 kb/s,492 b/s,,403 b/s,25.4 kb/s,,6.19 kb/s,,1.27 kb/s,492 b/s,492 b/s,,,,,,,,,,,1.21 kb/s,403 b/s,1.26 kb/s,2.48 kb/s,492 b/s,492 b/s,,0 b/s
2024-03-04 17:07:15,,40.2 kb/s,0 b/s,0 b/s,44.9 kb/s,0 b/s,,8.79 kb/s,,1.61 kb/s,5.57 kb/s,492 b/s,,0 b/s,3.53 kb/s,,46.3 kb/s,,4.07 kb/s,500 b/s,462 b/s,,,,,,,,,,,540 b/s,0 b/s,9.23 kb/s,1.43 kb/s,511 b/s,462 b/s,,826 b/s,,41.1 kb/s,0 b/s,0 b/s,58.4 kb/s,0 b/s,,1.42 kb/s,,876 b/s,5.58 kb/s,514 b/s,,336 b/s,25.3 kb/s,,42.3 kb/s,,1.29 kb/s,514 b/s,514 b/s,,,,,,,,,,,1.94 kb/s,336 b/s,1.39 kb/s,4.48 kb/s,514 b/s,514 b/s,,0 b/s
2024-03-04 17:07:30,,9.20 kb/s,0 b/s,0 b/s,18.9 kb/s,0 b/s,,8.65 kb/s,,945 b/s,2.80 kb/s,245 b/s,,0 b/s,3.50 kb/s,,14.4 kb/s,,3.84 kb/s,242 b/s,231 b/s,,,,,,,,,,,411 b/s,0 b/s,8.96 kb/s,716 b/s,242 b/s,231 b/s,,985 b/s,,9.74 kb/s,0 b/s,0 b/s,26.7 kb/s,0 b/s,,1.38 kb/s,,702 b/s,2.89 kb/s,380 b/s,,291 b/s,25.3 kb/s,,10.8 kb/s,,1.15 kb/s,380 b/s,380 b/s,,,,,,,,,,,1.24 kb/s,291 b/s,1.26 kb/s,2.38 kb/s,380 b/s,380 b/s,,0 b/s
2024-03-04 17:07:45,,21.7 kb/s,0 b/s,0 b/s,27.2 kb/s,0 b/s,,8.77 kb/s,,1.61 kb/s,5.57 kb/s,461 b/s,,0 b/s,3.53 kb/s,,26.9 kb/s,,4.07 kb/s,461 b/s,462 b/s,,,,,,,,,,,540 b/s,0 b/s,9.30 kb/s,1.36 kb/s,462 b/s,462 b/s,,384 b/s,,21.6 kb/s,0 b/s,0 b/s,38.9 kb/s,0 b/s,,1.51 kb/s,,988 b/s,5.50 kb/s,626 b/s,,448 b/s,25.4 kb/s,,22.9 kb/s,,1.40 kb/s,626 b/s,626 b/s,,,,,,,,,,,2.06 kb/s,448 b/s,1.35 kb/s,4.59 kb/s,626 b/s,626 b/s,,0 b/s
2024-03-04 17:08:00,,2.11 kb/s,0 b/s,0 b/s,9.84 kb/s,0 b/s,,8.67 kb/s,,804 b/s,2.79 kb/s,230 b/s,,0 b/s,3.50 kb/s,,6.94 kb/s,,3.84 kb/s,230 b/s,231 b/s,,,,,,,,,,,270 b/s,0 b/s,8.98 kb/s,716 b/s,231 b/s,231 b/s,,1.05 kb/s,,2.22 kb/s,0 b/s,0 b/s,18.8 kb/s,0 b/s,,1.40 kb/s,,561 b/s,2.85 kb/s,418 b/s,,291 b/s,25.3 kb/s,,3.27 kb/s,,1.15 kb/s,380 b/s,380 b/s,,,,,,,,,,,1.10 kb/s,291 b/s,1.28 kb/s,2.37 kb/s,380 b/s,380 b/s,,0 b/s
2024-03-04 17:08:15,,1.93 kb/s,0 b/s,0 b/s,6.81 kb/s,0 b/s,,8.77 kb/s,,1.61 kb/s,5.59 kb/s,461 b/s,,0 b/s,3.53 kb/s,,6.81 kb/s,,4.07 kb/s,461 b/s,462 b/s,,,,,,,,,,,540 b/s,0 b/s,9.21 kb/s,1.43 kb/s,462 b/s,462 b/s,,209 b/s,,1.95 kb/s,0 b/s,0 b/s,18.6 kb/s,0 b/s,,1.40 kb/s,,876 b/s,5.47 kb/s,514 b/s,,336 b/s,25.3 kb/s,,3.17 kb/s,,1.29 kb/s,514 b/s,514 b/s,,,,,,,,,,,1.94 kb/s,336 b/s,1.37 kb/s,4.50 kb/s,514 b/s,514 b/s,,0 b/s
2024-03-04 17:08:30,,3.00 kb/s,0 b/s,0 b/s,9.01 kb/s,0 b/s,,8.67 kb/s,,1.11 kb/s,2.78 kb/s,310 b/s,,0 b/s,3.50 kb/s,,7.79 kb/s,,3.92 kb/s,230 b/s,231 b/s,,,,,,,,,,,411 b/s,0 b/s,9.12 kb/s,681 b/s,231 b/s,231 b/s,,827 b/s,,3.13 kb/s,0 b/s,0 b/s,19.8 kb/s,0 b/s,,1.58 kb/s,,1.04 kb/s,3.00 kb/s,639 b/s,,470 b/s,25.5 kb/s,,4.33 kb/s,,1.41 kb/s,559 b/s,559 b/s,,,,,,,,,,,1.42 kb/s,470 b/s,1.24 kb/s,2.54 kb/s,559 b/s,559 b/s,,0 b/s
2024-03-04 17:08:45,,1.97 kb/s,0 b/s,0 b/s,5.31 kb/s,0 b/s,,8.80 kb/s,,1.61 kb/s,5.58 kb/s,461 b/s,,0 b/s,3.53 kb/s,,6.91 kb/s,,4.07 kb/s,461 b/s,462 b/s,,,,,,,,,,,540 b/s,0 b/s,9.23 kb/s,1.43 kb/s,462 b/s,462 b/s,,326 b/s,,1.99 kb/s,0 b/s,0 b/s,18.6 kb/s,0 b/s,,1.38 kb/s,,853 b/s,5.47 kb/s,492 b/s,,314 b/s,25.3 kb/s,,3.22 kb/s,,1.27 kb/s,492 b/s,492 b/s,,,,,,,,,,,1.92 kb/s,314 b/s,1.41 kb/s,4.47 kb/s,492 b/s,492 b/s,,0 b/s
2024-03-04 17:09:00,,2.71 kb/s,0 b/s,0 b/s,13.0 kb/s,0 b/s,,8.68 kb/s,,804 b/s,2.83 kb/s,230 b/s,,0 b/s,3.50 kb/s,,7.40 kb/s,,3.84 kb/s,230 b/s,231 b/s,,,,,,,,,,,270 b/s,0 b/s,9.03 kb/s,716 b/s,231 b/s,231 b/s,,855 b/s,,2.67 kb/s,0 b/s,0 b/s,19.3 kb/s,0 b/s,,1.51 kb/s,,651 b/s,2.99 kb/s,470 b/s,,381 b/s,25.4 kb/s,,3.80 kb/s,,1.24 kb/s,470 b/s,470 b/s,,,,,,,,,,,1.19 kb/s,381 b/s,1.24 kb/s,2.45 kb/s,470 b/s,470 b/s,,0 b/s
2024-03-04 17:09:15,,397 b/s,0 b/s,0 b/s,7.20 kb/s,0 b/s,,8.79 kb/s,,1.61 kb/s,5.61 kb/s,461 b/s,,0 b/s,3.53 kb/s,,5.04 kb/s,,4.07 kb/s,461 b/s,462 b/s,,,,,,,,,,,540 b/s,0 b/s,9.38 kb/s,1.43 kb/s,462 b/s,462 b/s,,177 b/s,,135 b/s,0 b/s,0 b/s,16.9 kb/s,0 b/s,,1.52 kb/s,,965 b/s,5.56 kb/s,604 b/s,,426 b/s,25.4 kb/s,,1.49 kb/s,,1.38 kb/s,604 b/s,604 b/s,,,,,,,,,,,2.03 kb/s,426 b/s,1.43 kb/s,4.61 kb/s,604 b/s,604 b/s,,0 b/s
2024-03-04 17:09:30,,905 b/s,0 b/s,0 b/s,9.12 kb/s,0 b/s,,8.65 kb/s,,945 b/s,2.80 kb/s,230 b/s,,0 b/s,3.50 kb/s,,5.54 kb/s,,3.84 kb/s,230 b/s,231 b/s,,,,,,,,,,,411 b/s,0 b/s,8.92 kb/s,716 b/s,231 b/s,231 b/s,,843 b/s,,830 b/s,0 b/s,0 b/s,17.4 kb/s,0 b/s,,1.38 kb/s,,702 b/s,2.85 kb/s,380 b/s,,291 b/s,25.3 kb/s,,1.85 kb/s,,1.15 kb/s,380 b/s,380 b/s,,,,,,,,,,,1.24 kb/s,291 b/s,1.22 kb/s,2.38 kb/s,380 b/s,380 b/s,,0 b/s
2024-03-04 17:09:45,,2.94 kb/s,0 b/s,0 b/s,9.08 kb/s,0 b/s,,8.79 kb/s,,1.61 kb/s,5.59 kb/s,461 b/s,,0 b/s,3.53 kb/s,,7.62 kb/s,,4.07 kb/s,461 b/s,462 b/s,,,,,,,,,,,540 b/s,0 b/s,9.32 kb/s,1.43 kb/s,462 b/s,462 b/s,,87.5 b/s,,2.78 kb/s,0 b/s,0 b/s,19.4 kb/s,0 b/s,,1.54 kb/s,,988 b/s,5.57 kb/s,626 b/s,,448 b/s,25.4 kb/s,,4.09 kb/s,,1.40 kb/s,626 b/s,626 b/s,,,,,,,,,,,2.06 kb/s,448 b/s,1.37 kb/s,4.62 kb/s,626 b/s,626 b/s,,0 b/s
2024-03-04 17:10:00,,582 b/s,0 b/s,0 b/s,8.67 kb/s,0 b/s,,8.65 kb/s,,804 b/s,2.80 kb/s,230 b/s,,0 b/s,3.50 kb/s,,5.25 kb/s,,3.84 kb/s,230 b/s,231 b/s,,,,,,,,,,,270 b/s,0 b/s,9.04 kb/s,716 b/s,231 b/s,238 b/s,,667 b/s,,479 b/s,0 b/s,0 b/s,17.1 kb/s,0 b/s,,1.38 kb/s,,561 b/s,2.90 kb/s,380 b/s,,291 b/s,25.3 kb/s,,1.58 kb/s,,1.16 kb/s,380 b/s,380 b/s,,,,,,,,,,,1.10 kb/s,291 b/s,1.30 kb/s,2.37 kb/s,380 b/s,380 b/s,,0 b/s
2024-03-04 17:10:15,,307 b/s,0 b/s,0 b/s,5.36 kb/s,0 b/s,,8.77 kb/s,,1.61 kb/s,5.60 kb/s,461 b/s,,0 b/s,3.53 kb/s,,4.98 kb/s,,4.07 kb/s,461 b/s,462 b/s,,,,,,,,,,,540 b/s,0 b/s,9.19 kb/s,1.43 kb/s,462 b/s,490 b/s,,262 b/s,,113 b/s,0 b/s,0 b/s,16.7 kb/s,0 b/s,,1.38 kb/s,,853 b/s,5.47 kb/s,492 b/s,,314 b/s,25.3 kb/s,,1.31 kb/s,,1.27 kb/s,492 b/s,492 b/s,,,,,,,,,,,1.92 kb/s,314 b/s,1.38 kb/s,4.48 kb/s,492 b/s,498 b/s,,0 b/s
2024-03-04 17:10:30,,813 b/s,0 b/s,0 b/s,9.76 kb/s,0 b/s,,8.71 kb/s,,945 b/s,2.80 kb/s,230 b/s,,0 b/s,3.50 kb/s,,5.31 kb/s,,3.84 kb/s,230 b/s,231 b/s,,,,,,,,,,,411 b/s,0 b/s,9.07 kb/s,716 b/s,231 b/s,266 b/s,,857 b/s,,626 b/s,0 b/s,0 b/s,17.2 kb/s,0 b/s,,1.54 kb/s,,836 b/s,3.08 kb/s,515 b/s,,426 b/s,25.4 kb/s,,1.76 kb/s,,1.29 kb/s,515 b/s,515 b/s,,,,,,,,,,,1.37 kb/s,426 b/s,1.21 kb/s,2.51 kb/s,515 b/s,515 b/s,,0 b/s
2024-03-04 17:10:45,,701 b/s,0 b/s,0 b/s,6.87 kb/s,0 b/s,,8.77 kb/s,,1.61 kb/s,5.61 kb/s,461 b/s,,0 b/s,3.53 kb/s,,5.47 kb/s,,4.07 kb/s,461 b/s,462 b/s,,,,,,,,,,,540 b/s,0 b/s,9.23 kb/s,1.47 kb/s,462 b/s,477 b/s,,398 b/s,,566 b/s,0 b/s,0 b/s,17.2 kb/s,0 b/s,,1.38 kb/s,,853 b/s,5.49 kb/s,492 b/s,,314 b/s,25.3 kb/s,,1.80 kb/s,,1.27 kb/s,492 b/s,498 b/s,,,,,,,,,,,1.92 kb/s,314 b/s,1.41 kb/s,4.49 kb/s,492 b/s,492 b/s,,0 b/s
2024-03-04 17:11:00,,666 b/s,0 b/s,0 b/s,10.4 kb/s,0 b/s,,8.67 kb/s,,804 b/s,2.81 kb/s,230 b/s,,0 b/s,3.50 kb/s,,5.19 kb/s,,3.84 kb/s,230 b/s,231 b/s,,,,,,,,,,,270 b/s,0 b/s,9.07 kb/s,716 b/s,231 b/s,231 b/s,,745 b/s,,464 b/s,0 b/s,0 b/s,17.0 kb/s,0 b/s,,1.52 kb/s,,673 b/s,2.96 kb/s,492 b/s,,403 b/s,25.4 kb/s,,1.62 kb/s,,1.27 kb/s,492 b/s,492 b/s,,,,,,,,,,,1.21 kb/s,403 b/s,1.26 kb/s,2.49 kb/s,499 b/s,492 b/s,,0 b/s
2024-03-04 17:11:15,,510 b/s,0 b/s,0 b/s,6.19 kb/s,0 b/s,,8.77 kb/s,,1.61 kb/s,5.62 kb/s,461 b/s,,0 b/s,3.53 kb/s,,5.16 kb/s,,4.13 kb/s,461 b/s,462 b/s,,,,,,,,,,,540 b/s,0 b/s,9.17 kb/s,1.43 kb/s,462 b/s,462 b/s,,238 b/s,,346 b/s,0 b/s,0 b/s,16.9 kb/s,0 b/s,,1.40 kb/s,,876 b/s,5.52 kb/s,521 b/s,,336 b/s,25.3 kb/s,,1.52 kb/s,,1.29 kb/s,521 b/s,514 b/s,,,,,,,,,,,1.94 kb/s,336 b/s,1.33 kb/s,4.51 kb/s,514 b/s,514 b/s,,0 b/s
2024-03-04 17:11:30,,1.27 kb/s,0 b/s,0 b/s,8.45 kb/s,0 b/s,,8.61 kb/s,,945 b/s,2.78 kb/s,230 b/s,,0 b/s,3.50 kb/s,,6.09 kb/s,,3.85 kb/s,230 b/s,231 b/s,,,,,,,,,,,411 b/s,0 b/s,9.02 kb/s,716 b/s,231 b/s,231 b/s,,982 b/s,,1.25 kb/s,0 b/s,0 b/s,17.8 kb/s,0 b/s,,1.35 kb/s,,702 b/s,2.86 kb/s,380 b/s,,291 b/s,25.3 kb/s,,2.41 kb/s,,1.15 kb/s,380 b/s,380 b/s,,,,,,,,,,,1.24 kb/s,291 b/s,1.32 kb/s,2.36 kb/s,380 b/s,380 b/s,,0 b/s
2024-03-04 17:11:45,,2.58 kb/s,0 b/s,0 b/s,6.18 kb/s,0 b/s,,8.82 kb/s,,1.61 kb/s,5.57 kb/s,461 b/s,,0 b/s,3.53 kb/s,,7.10 kb/s,,4.07 kb/s,461 b/s,462 b/s,,,,,,,,,,,540 b/s,0 b/s,9.35 kb/s,1.43 kb/s,462 b/s,462 b/s,,191 b/s,,2.31 kb/s,0 b/s,0 b/s,19.0 kb/s,0 b/s,,1.64 kb/s,,1.05 kb/s,5.64 kb/s,693 b/s,,515 b/s,25.5 kb/s,,3.61 kb/s,,1.47 kb/s,693 b/s,693 b/s,,,,,,,,,,,2.12 kb/s,553 b/s,1.33 kb/s,4.66 kb/s,693 b/s,693 b/s,,0 b/s
2024-03-04 17:12:00,,341 b/s,0 b/s,0 b/s,7.06 kb/s,0 b/s,,8.59 kb/s,,804 b/s,2.82 kb/s,230 b/s,,0 b/s,3.50 kb/s,,5.02 kb/s,,3.84 kb/s,230 b/s,231 b/s,,,,,,,,,,,270 b/s,0 b/s,9.00 kb/s,687 b/s,231 b/s,231 b/s,,976 b/s,,170 b/s,0 b/s,0 b/s,16.8 kb/s,0 b/s,,1.32 kb/s,,561 b/s,2.82 kb/s,380 b/s,,291 b/s,25.3 kb/s,,1.33 kb/s,,1.15 kb/s,380 b/s,380 b/s,,,,,,,,,,,1.10 kb/s,291 b/s,1.30 kb/s,2.40 kb/s,380 b/s,380 b/s,,0 b/s
2024-03-04 17:12:15,,55.7 kb/s,0 b/s,0 b/s,81.5 kb/s,0 b/s,,8.82 kb/s,,1.61 kb/s,5.56 kb/s,461 b/s,,0 b/s,3.53 kb/s,,68.4 kb/s,,4.07 kb/s,461 b/s,494 b/s,,,,,,,,,,,540 b/s,0 b/s,9.17 kb/s,1.46 kb/s,462 b/s,462 b/s,,45.9 b/s,,75.3 kb/s,0 b/s,0 b/s,82.5 kb/s,0 b/s,,1.46 kb/s,,876 b/s,5.52 kb/s,514 b/s,,336 b/s,25.3 kb/s,,76.4 kb/s,,1.29 kb/s,514 b/s,514 b/s,,,,,,,,,,,1.94 kb/s,336 b/s,1.33 kb/s,4.47 kb/s,514 b/s,514 b/s,,0 b/s
2024-03-04 17:12:30,,3.44 kb/s,0 b/s,0 b/s,12.7 kb/s,0 b/s,,8.61 kb/s,,945 b/s,2.80 kb/s,230 b/s,,0 b/s,3.50 kb/s,,8.19 kb/s,,3.84 kb/s,230 b/s,231 b/s,,,,,,,,,,,411 b/s,0 b/s,9.07 kb/s,728 b/s,231 b/s,231 b/s,,884 b/s,,3.38 kb/s,0 b/s,0 b/s,20.1 kb/s,0 b/s,,1.46 kb/s,,814 b/s,2.98 kb/s,492 b/s,,403 b/s,25.4 kb/s,,4.59 kb/s,,1.27 kb/s,492 b/s,492 b/s,,,,,,,,,,,1.35 kb/s,403 b/s,1.26 kb/s,2.49 kb/s,492 b/s,492 b/s,,0 b/s
2024-03-04 17:12:45,,50.3 kb/s,0 b/s,0 b/s,56.5 kb/s,0 b/s,,8.82 kb/s,,1.61 kb/s,5.62 kb/s,461 b/s,,0 b/s,3.53 kb/s,,56.5 kb/s,,4.07 kb/s,461 b/s,493 b/s,,,,,,,,,,,540 b/s,0 b/s,9.21 kb/s,1.46 kb/s,462 b/s,462 b/s,,150 b/s,,51.7 kb/s,0 b/s,0 b/s,68.7 kb/s,0 b/s,,1.44 kb/s,,853 b/s,5.49 kb/s,492 b/s,,314 b/s,25.3 kb/s,,52.9 kb/s,,1.27 kb/s,492 b/s,492 b/s,,,,,,,,,,,1.92 kb/s,314 b/s,1.39 kb/s,4.51 kb/s,492 b/s,492 b/s,,0 b/s
2024-03-04 17:13:00,,41.8 kb/s,0 b/s,0 b/s,50.4 kb/s,0 b/s,,8.59 kb/s,,804 b/s,2.78 kb/s,230 b/s,,0 b/s,3.50 kb/s,,48.3 kb/s,,3.85 kb/s,230 b/s,242 b/s,,,,,,,,,,,270 b/s,0 b/s,9.05 kb/s,728 b/s,231 b/s,231 b/s,,1.26 kb/s,,42.5 kb/s,0 b/s,0 b/s,60.7 kb/s,0 b/s,,1.44 kb/s,,673 b/s,3.00 kb/s,492 b/s,,403 b/s,25.4 kb/s,,43.7 kb/s,,1.27 kb/s,492 b/s,492 b/s,,,,,,,,,,,1.21 kb/s,403 b/s,1.24 kb/s,2.47 kb/s,492 b/s,492 b/s,,0 b/s
2024-03-04 17:13:15,,22.2 kb/s,0 b/s,0 b/s,27.5 kb/s,0 b/s,,8.85 kb/s,,1.61 kb/s,5.58 kb/s,461 b/s,,0 b/s,3.53 kb/s,,27.8 kb/s,,4.07 kb/s,461 b/s,474 b/s,,,,,,,,,,,540 b/s,0 b/s,9.26 kb/s,1.46 kb/s,462 b/s,462 b/s,,87.5 b/s,,22.4 kb/s,0 b/s,0 b/s,39.9 kb/s,0 b/s,,1.55 kb/s,,980 b/s,5.56 kb/s,581 b/s,,403 b/s,25.4 kb/s,,23.5 kb/s,,1.36 kb/s,581 b/s,581 b/s,,,,,,,,,,,2.01 kb/s,403 b/s,1.35 kb/s,4.56 kb/s,581 b/s,581 b/s,,0 b/s
2024-03-04 17:13:30,,11.4 kb/s,0 b/s,0 b/s,20.7 kb/s,0 b/s,,8.59 kb/s,,804 b/s,2.82 kb/s,230 b/s,,0 b/s,3.50 kb/s,,16.6 kb/s,,3.84 kb/s,230 b/s,231 b/s,,,,,,,,,,,270 b/s,0 b/s,8.98 kb/s,728 b/s,231 b/s,231 b/s,,1.40 kb/s,,11.7 kb/s,0 b/s,0 b/s,28.5 kb/s,0 b/s,,1.32 kb/s,,561 b/s,2.86 kb/s,380 b/s,,291 b/s,25.3 kb/s,,12.8 kb/s,,1.15 kb/s,380 b/s,380 b/s,,,,,,,,,,,1.10 kb/s,291 b/s,1.28 kb/s,2.40 kb/s,380 b/s,380 b/s,,0 b/s
2024-03-04 17:13:45,,34.5 kb/s,0 b/s,0 b/s,44.7 kb/s,0 b/s,,10.9 kb/s,,1.91 kb/s,11.3 kb/s,872 b/s,,0 b/s,3.53 kb/s,,39.8 kb/s,,4.72 kb/s,822 b/s,462 b/s,,,,,,,,,,,681 b/s,0 b/s,11.1 kb/s,1.46 kb/s,486 b/s,988 b/s,,283 b/s,,39.5 kb/s,0 b/s,0 b/s,53.9 kb/s,0 b/s,,3.27 kb/s,,1.36 kb/s,11.1 kb/s,1.30 kb/s,,515 b/s,25.5 kb/s,,40.5 kb/s,,2.27 kb/s,1.20 kb/s,693 b/s,,,,,,,,,,,2.26 kb/s,515 b/s,3.59 kb/s,4.67 kb/s,693 b/s,1.26 kb/s,,0 b/s
2024-03-04 17:14:00,,371 b/s,0 b/s,0 b/s,7.95 kb/s,0 b/s,,8.64 kb/s,,804 b/s,2.78 kb/s,282 b/s,,0 b/s,3.50 kb/s,,4.95 kb/s,,3.84 kb/s,291 b/s,231 b/s,,,,,,,,,,,270 b/s,0 b/s,8.93 kb/s,728 b/s,277 b/s,231 b/s,,718 b/s,,624 b/s,0 b/s,0 b/s,16.8 kb/s,0 b/s,,1.35 kb/s,,561 b/s,3.06 kb/s,380 b/s,,291 b/s,25.3 kb/s,,1.68 kb/s,,1.15 kb/s,380 b/s,380 b/s,,,,,,,,,,,1.10 kb/s,291 b/s,1.21 kb/s,2.36 kb/s,380 b/s,380 b/s,,0 b/s
2024-03-04 17:14:15,,307 b/s,0 b/s,0 b/s,6.38 kb/s,0 b/s,,8.77 kb/s,,1.61 kb/s,5.61 kb/s,487 b/s,,0 b/s,3.53 kb/s,,5.04 kb/s,,4.07 kb/s,471 b/s,462 b/s,,,,,,,,,,,540 b/s,0 b/s,9.25 kb/s,1.46 kb/s,466 b/s,462 b/s,,147 b/s,,113 b/s,0 b/s,0 b/s,16.7 kb/s,0 b/s,,1.38 kb/s,,853 b/s,5.50 kb/s,492 b/s,,314 b/s,25.3 kb/s,,1.37 kb/s,,1.27 kb/s,492 b/s,492 b/s,,,,,,,,,,,1.92 kb/s,314 b/s,1.43 kb/s,4.50 kb/s,492 b/s,492 b/s,,0 b/s
2024-03-04 17:14:30,,525 b/s,0 b/s,0 b/s,9.05 kb/s,0 b/s,,8.65 kb/s,,804 b/s,2.80 kb/s,231 b/s,,0 b/s,3.50 kb/s,,4.93 kb/s,,3.84 kb/s,242 b/s,231 b/s,,,,,,,,,,,270 b/s,0 b/s,9.12 kb/s,728 b/s,242 b/s,231 b/s,,292 b/s,,636 b/s,0 b/s,0 b/s,16.9 kb/s,0 b/s,,1.58 kb/s,,763 b/s,3.09 kb/s,582 b/s,,493 b/s,25.5 kb/s,,1.86 kb/s,,1.36 kb/s,582 b/s,582 b/s,,,,,,,,,,,1.30 kb/s,493 b/s,1.21 kb/s,2.58 kb/s,582 b/s,582 b/s,,0 b/s
2024-03-04 17:14:45,,322 b/s,0 b/s,0 b/s,4.31 kb/s,0 b/s,,8.79 kb/s,,1.75 kb/s,5.58 kb/s,461 b/s,,0 b/s,3.53 kb/s,,5.02 kb/s,,4.07 kb/s,461 b/s,462 b/s,,,,,,,,,,,681 b/s,0 b/s,9.26 kb/s,1.46 kb/s,462 b/s,462 b/s,,621 b/s,,135 b/s,0 b/s,0 b/s,16.7 kb/s,0 b/s,,1.40 kb/s,,994 b/s,5.50 kb/s,492 b/s,,314 b/s,25.3 kb/s,,1.35 kb/s,,1.27 kb/s,529 b/s,492 b/s,,,,,,,,,,,2.06 kb/s,314 b/s,1.45 kb/s,4.47 kb/s,529 b/s,492 b/s,,0 b/s
2024-03-04 17:15:00,,465 b/s,0 b/s,0 b/s,8.58 kb/s,0 b/s,,8.65 kb/s,,804 b/s,2.81 kb/s,230 b/s,,0 b/s,3.50 kb/s,,4.93 kb/s,,3.84 kb/s,230 b/s,231 b/s,,,,,,,,,,,270 b/s,0 b/s,9.03 kb/s,728 b/s,231 b/s,231 b/s,,1.03 kb/s,,226 b/s,0 b/s,0 b/s,16.8 kb/s,0 b/s,,1.49 kb/s,,673 b/s,2.98 kb/s,492 b/s,,403 b/s,25.4 kb/s,,1.36 kb/s,,1.27 kb/s,492 b/s,492 b/s,,,,,,,,,,,1.21 kb/s,403 b/s,1.21 kb/s,2.50 kb/s,492 b/s,492 b/s,,0 b/s
2024-03-04 17:15:15,,337 b/s,0 b/s,0 b/s,7.98 kb/s,0 b/s,,8.77 kb/s,,1.61 kb/s,5.59 kb/s,461 b/s,,0 b/s,3.53 kb/s,,5.00 kb/s,,4.07 kb/s,461 b/s,462 b/s,,,,,,,,,,,540 b/s,0 b/s,9.21 kb/s,1.46 kb/s,462 b/s,462 b/s,,133 b/s,,1.20 kb/s,0 b/s,0 b/s,16.7 kb/s,0 b/s,,1.40 kb/s,,876 b/s,5.48 kb/s,514 b/s,,336 b/s,25.3 kb/s,,2.42 kb/s,,1.29 kb/s,514 b/s,514 b/s,,,,,,,,,,,1.94 kb/s,336 b/s,1.37 kb/s,4.50 kb/s,514 b/s,514 b/s,,0 b/s
2024-03-04 17:15:30,,390 b/s,0 b/s,0 b/s,9.17 kb/s,0 b/s,,8.65 kb/s,,804 b/s,2.83 kb/s,230 b/s,,0 b/s,3.50 kb/s,,4.99 kb/s,,3.84 kb/s,230 b/s,231 b/s,,,,,,,,,,,270 b/s,0 b/s,9.02 kb/s,734 b/s,231 b/s,231 b/s,,235 b/s,,226 b/s,0 b/s,0 b/s,16.8 kb/s,0 b/s,,1.38 kb/s,,561 b/s,2.91 kb/s,380 b/s,,291 b/s,25.3 kb/s,,1.31 kb/s,,1.15 kb/s,380 b/s,380 b/s,,,,,,,,,,,1.10 kb/s,291 b/s,1.32 kb/s,2.37 kb/s,380 b/s,380 b/s,,0 b/s
2024-03-04 17:15:45,,457 b/s,0 b/s,0 b/s,7.24 kb/s,0 b/s,,8.80 kb/s,,1.75 kb/s,5.63 kb/s,461 b/s,,0 b/s,3.53 kb/s,,4.95 kb/s,,4.07 kb/s,461 b/s,462 b/s,,,,,,,,,,,681 b/s,0 b/s,9.37 kb/s,1.50 kb/s,462 b/s,462 b/s,,87.5 b/s,,649 b/s,0 b/s,0 b/s,16.7 kb/s,0 b/s,,1.60 kb/s,,1.20 kb/s,5.72 kb/s,693 b/s,,515 b/s,25.5 kb/s,,2.00 kb/s,,1.47 kb/s,693 b/s,693 b/s,,,,,,,,,,,2.26 kb/s,515 b/s,1.35 kb/s,4.72 kb/s,693 b/s,693 b/s,,0 b/s
2024-03-04 17:16:00,,390 b/s,0 b/s,0 b/s,8.18 kb/s,0 b/s,,8.65 kb/s,,804 b/s,2.80 kb/s,230 b/s,,0 b/s,3.50 kb/s,,4.95 kb/s,,3.84 kb/s,230 b/s,231 b/s,,,,,,,,,,,270 b/s,0 b/s,8.94 kb/s,728 b/s,231 b/s,238 b/s,,217 b/s,,226 b/s,0 b/s,0 b/s,16.8 kb/s,0 b/s,,1.38 kb/s,,561 b/s,2.87 kb/s,380 b/s,,291 b/s,25.3 kb/s,,1.27 kb/s,,1.15 kb/s,380 b/s,380 b/s,,,,,,,,,,,1.10 kb/s,291 b/s,1.24 kb/s,2.38 kb/s,380 b/s,380 b/s,,0 b/s
2024-03-04 17:16:15,,337 b/s,0 b/s,0 b/s,5.58 kb/s,0 b/s,,8.77 kb/s,,1.61 kb/s,5.60 kb/s,461 b/s,,0 b/s,3.53 kb/s,,5.02 kb/s,,4.07 kb/s,461 b/s,462 b/s,,,,,,,,,,,540 b/s,0 b/s,9.23 kb/s,1.46 kb/s,462 b/s,478 b/s,,767 b/s,,649 b/s,0 b/s,0 b/s,16.7 kb/s,0 b/s,,1.40 kb/s,,876 b/s,5.50 kb/s,514 b/s,,336 b/s,25.3 kb/s,,1.89 kb/s,,1.29 kb/s,514 b/s,514 b/s,,,,,,,,,,,1.94 kb/s,336 b/s,1.39 kb/s,4.51 kb/s,514 b/s,514 b/s,,0 b/s
2024-03-04 17:16:30,,476 b/s,0 b/s,0 b/s,10.9 kb/s,0 b/s,,8.61 kb/s,,804 b/s,2.78 kb/s,230 b/s,,0 b/s,3.50 kb/s,,4.95 kb/s,,3.84 kb/s,230 b/s,231 b/s,,,,,,,,,,,270 b/s,0 b/s,9.12 kb/s,728 b/s,231 b/s,234 b/s,,87.5 b/s,,192 b/s,0 b/s,0 b/s,16.8 kb/s,0 b/s,,1.53 kb/s,,740 b/s,3.05 kb/s,559 b/s,,470 b/s,25.5 kb/s,,1.45 kb/s,,1.33 kb/s,559 b/s,559 b/s,,,,,,,,,,,1.27 kb/s,470 b/s,1.24 kb/s,2.54 kb/s,559 b/s,559 b/s,,0 b/s
2024-03-04 17:16:45,,356 b/s,0 b/s,0 b/s,8.80 kb/s,0 b/s,,8.82 kb/s,,1.55 kb/s,5.59 kb/s,461 b/s,,0 b/s,3.53 kb/s,,4.93 kb/s,,4.09 kb/s,461 b/s,462 b/s,,,,,,,,,,,645 b/s,0 b/s,9.15 kb/s,1.46 kb/s,462 b/s,493 b/s,,503 b/s,,1.23 kb/s,0 b/s,0 b/s,16.8 kb/s,0 b/s,,1.44 kb/s,,959 b/s,5.51 kb/s,492 b/s,,314 b/s,25.3 kb/s,,2.33 kb/s,,1.27 kb/s,492 b/s,492 b/s,,,,,,,,,,,1.86 kb/s,314 b/s,1.33 kb/s,4.48 kb/s,492 b/s,492 b/s,,0 b/s
2024-03-04 17:17:00,,446 b/s,0 b/s,0 b/s,10.8 kb/s,0 b/s,,8.59 kb/s,,1.01 kb/s,2.81 kb/s,230 b/s,,0 b/s,3.50 kb/s,,5.02 kb/s,,3.84 kb/s,230 b/s,231 b/s,,,,,,,,,,,305 b/s,0 b/s,9.16 kb/s,728 b/s,231 b/s,235 b/s,,281 b/s,,932 b/s,0 b/s,0 b/s,16.8 kb/s,0 b/s,,1.48 kb/s,,753 b/s,3.03 kb/s,537 b/s,,485 b/s,25.4 kb/s,,2.25 kb/s,,1.35 kb/s,537 b/s,537 b/s,,,,,,,,,,,1.49 kb/s,448 b/s,1.30 kb/s,2.58 kb/s,537 b/s,537 b/s,,0 b/s
2024-03-04 17:17:15,,416 b/s,0 b/s,0 b/s,8.78 kb/s,0 b/s,,8.85 kb/s,,1.41 kb/s,5.58 kb/s,461 b/s,,0 b/s,3.53 kb/s,,4.98 kb/s,,4.09 kb/s,461 b/s,462 b/s,,,,,,,,,,,504 b/s,0 b/s,9.21 kb/s,1.46 kb/s,462 b/s,462 b/s,,87.5 b/s,,2.13 kb/s,0 b/s,0 b/s,16.8 kb/s,0 b/s,,1.50 kb/s,,863 b/s,5.53 kb/s,536 b/s,,358 b/s,25.3 kb/s,,3.27 kb/s,,1.31 kb/s,536 b/s,536 b/s,,,,,,,,,,,1.76 kb/s,358 b/s,1.35 kb/s,4.51 kb/s,536 b/s,536 b/s,,0 b/s
2024-03-04 17:17:30,,341 b/s,0 b/s,0 b/s,10.7 kb/s,0 b/s,,8.59 kb/s,,1.01 kb/s,2.80 kb/s,230 b/s,,0 b/s,3.50 kb/s,,4.99 kb/s,,3.84 kb/s,230 b/s,231 b/s,,,,,,,,,,,305 b/s,0 b/s,8.98 kb/s,728 b/s,231 b/s,231 b/s,,87.5 b/s,,351 b/s,0 b/s,0 b/s,16.8 kb/s,0 b/s,,1.32 kb/s,,596 b/s,2.87 kb/s,380 b/s,,291 b/s,25.3 kb/s,,1.49 kb/s,,1.15 kb/s,380 b/s,380 b/s,,,,,,,,,,,1.30 kb/s,291 b/s,1.28 kb/s,2.38 kb/s,380 b/s,380 b/s,,0 b/s
2024-03-04 17:17:45,,476 b/s,0 b/s,0 b/s,7.86 kb/s,0 b/s,,8.85 kb/s,,1.55 kb/s,5.66 kb/s,461 b/s,,0 b/s,3.53 kb/s,,4.98 kb/s,,4.07 kb/s,461 b/s,462 b/s,,,,,,,,,,,645 b/s,0 b/s,9.30 kb/s,1.42 kb/s,462 b/s,497 b/s,,226 b/s,,1.66 kb/s,0 b/s,0 b/s,16.9 kb/s,0 b/s,,1.59 kb/s,,1.09 kb/s,5.59 kb/s,626 b/s,,448 b/s,25.4 kb/s,,2.89 kb/s,,1.40 kb/s,626 b/s,626 b/s,,,,,,,,,,,2.00 kb/s,448 b/s,1.35 kb/s,4.64 kb/s,626 b/s,668 b/s,,48 b/s
2024-03-04 17:18:00,,356 b/s,0 b/s,0 b/s,8.07 kb/s,0 b/s,,8.61 kb/s,,1.01 kb/s,2.78 kb/s,230 b/s,,0 b/s,3.50 kb/s,,4.95 kb/s,,3.84 kb/s,230 b/s,231 b/s,,,,,,,,,,,305 b/s,0 b/s,8.94 kb/s,728 b/s,231 b/s,231 b/s,,361 b/s,,574 b/s,0 b/s,0 b/s,16.8 kb/s,0 b/s,,1.35 kb/s,,596 b/s,2.86 kb/s,380 b/s,,291 b/s,25.3 kb/s,,1.65 kb/s,,1.15 kb/s,380 b/s,380 b/s,,,,,,,,,,,1.30 kb/s,291 b/s,1.24 kb/s,2.36 kb/s,380 b/s,380 b/s,,0 b/s
2024-03-04 17:18:15,,446 b/s,0 b/s,0 b/s,5.44 kb/s,0 b/s,,8.82 kb/s,,1.41 kb/s,5.58 kb/s,461 b/s,,0 b/s,3.53 kb/s,,5.02 kb/s,,4.07 kb/s,461 b/s,462 b/s,,,,,,,,,,,505 b/s,0 b/s,9.32 kb/s,1.46 kb/s,462 b/s,462 b/s,,454 b/s,,485 b/s,0 b/s,0 b/s,16.8 kb/s,0 b/s,,1.55 kb/s,,930 b/s,5.57 kb/s,604 b/s,,426 b/s,25.4 kb/s,,1.76 kb/s,,1.38 kb/s,604 b/s,604 b/s,,,,,,,,,,,1.83 kb/s,426 b/s,1.39 kb/s,4.58 kb/s,604 b/s,604 b/s,,0 b/s
2024-03-04 17:18:30,,371 b/s,0 b/s,0 b/s,13.2 kb/s,0 b/s,,8.61 kb/s,,1.01 kb/s,2.83 kb/s,230 b/s,,0 b/s,3.50 kb/s,,4.98 kb/s,,3.84 kb/s,230 b/s,231 b/s,,,,,,,,,,,305 b/s,0 b/s,8.98 kb/s,728 b/s,231 b/s,231 b/s,,87.5 b/s,,296 b/s,0 b/s,0 b/s,16.9 kb/s,0 b/s,,1.37 kb/s,,619 b/s,2.89 kb/s,403 b/s,,314 b/s,25.3 kb/s,,1.42 kb/s,,1.18 kb/s,403 b/s,403 b/s,,,,,,,,,,,1.32 kb/s,314 b/s,1.26 kb/s,2.43 kb/s,403 b/s,403 b/s,,0 b/s
2024-03-04 17:18:45,,371 b/s,0 b/s,0 b/s,9.25 kb/s,0 b/s,,8.82 kb/s,,1.34 kb/s,5.58 kb/s,461 b/s,,0 b/s,3.53 kb/s,,4.95 kb/s,,4.08 kb/s,461 b/s,462 b/s,,,,,,,,,,,610 b/s,0 b/s,9.15 kb/s,1.46 kb/s,462 b/s,462 b/s,,279 b/s,,485 b/s,0 b/s,0 b/s,16.8 kb/s,0 b/s,,1.44 kb/s,,924 b/s,5.48 kb/s,492 b/s,,314 b/s,25.3 kb/s,,1.58 kb/s,,1.27 kb/s,492 b/s,492 b/s,,,,,,,,,,,1.65 kb/s,314 b/s,1.33 kb/s,4.47 kb/s,492 b/s,492 b/s,,0 b/s
2024-03-04 17:19:00,,491 b/s,0 b/s,0 b/s,9.55 kb/s,0 b/s,,8.61 kb/s,,1.37 kb/s,2.82 kb/s,310 b/s,,0 b/s,3.50 kb/s,,5.02 kb/s,,3.95 kb/s,230 b/s,231 b/s,,,,,,,,,,,340 b/s,0 b/s,9.20 kb/s,734 b/s,231 b/s,231 b/s,,594 b/s,,1000 b/s,0 b/s,0 b/s,16.8 kb/s,0 b/s,,1.55 kb/s,,993 b/s,3.11 kb/s,662 b/s,,493 b/s,25.5 kb/s,,2.34 kb/s,,1.48 kb/s,582 b/s,582 b/s,,,,,,,,,,,1.71 kb/s,493 b/s,1.30 kb/s,2.56 kb/s,582 b/s,582 b/s,,0 b/s
2024-03-04 17:19:15,,386 b/s,0 b/s,0 b/s,6.05 kb/s,0 b/s,,8.85 kb/s,,1.20 kb/s,5.62 kb/s,461 b/s,,0 b/s,3.53 kb/s,,4.98 kb/s,,4.07 kb/s,461 b/s,494 b/s,,,,,,,,,,,469 b/s,0 b/s,9.17 kb/s,1.46 kb/s,462 b/s,462 b/s,,1.50 kb/s,,619 b/s,0 b/s,0 b/s,16.8 kb/s,0 b/s,,1.46 kb/s,,783 b/s,5.49 kb/s,492 b/s,,314 b/s,25.3 kb/s,,1.75 kb/s,,1.27 kb/s,492 b/s,529 b/s,,,,,,,,,,,1.51 kb/s,314 b/s,1.35 kb/s,4.50 kb/s,492 b/s,492 b/s,,0 b/s
2024-03-04 17:19:30,,341 b/s,0 b/s,0 b/s,9.46 kb/s,0 b/s,,8.59 kb/s,,1.21 kb/s,2.79 kb/s,230 b/s,,0 b/s,3.50 kb/s,,4.93 kb/s,,3.84 kb/s,230 b/s,242 b/s,,,,,,,,,,,340 b/s,0 b/s,8.91 kb/s,728 b/s,231 b/s,231 b/s,,281 b/s,,198 b/s,0 b/s,0 b/s,16.8 kb/s,0 b/s,,1.32 kb/s,,631 b/s,2.88 kb/s,380 b/s,,291 b/s,25.3 kb/s,,1.27 kb/s,,1.15 kb/s,380 b/s,380 b/s,,,,,,,,,,,1.51 kb/s,291 b/s,1.21 kb/s,2.37 kb/s,380 b/s,380 b/s,,0 b/s
2024-03-04 17:19:45,,521 b/s,0 b/s,0 b/s,6.78 kb/s,0 b/s,,8.85 kb/s,,1.34 kb/s,5.58 kb/s,461 b/s,,0 b/s,3.53 kb/s,,5.04 kb/s,,4.07 kb/s,461 b/s,503 b/s,,,,,,,,,,,610 b/s,0 b/s,9.43 kb/s,1.46 kb/s,462 b/s,462 b/s,,235 b/s,,619 b/s,0 b/s,0 b/s,16.8 kb/s,0 b/s,,1.66 kb/s,,1.13 kb/s,5.70 kb/s,693 b/s,,515 b/s,25.5 kb/s,,1.98 kb/s,,1.47 kb/s,693 b/s,693 b/s,,,,,,,,,,,1.85 kb/s,515 b/s,1.41 kb/s,4.67 kb/s,693 b/s,693 b/s,,0 b/s
2024-03-04 17:20:00,,341 b/s,0 b/s,0 b/s,11.1 kb/s,0 b/s,,8.60 kb/s,,1.21 kb/s,2.86 kb/s,230 b/s,,0 b/s,3.50 kb/s,,4.95 kb/s,,3.84 kb/s,230 b/s,267 b/s,,,,,,,,,,,340 b/s,0 b/s,8.94 kb/s,728 b/s,231 b/s,231 b/s,,375 b/s,,170 b/s,0 b/s,0 b/s,16.8 kb/s,0 b/s,,1.32 kb/s,,631 b/s,2.91 kb/s,380 b/s,,291 b/s,25.3 kb/s,,1.27 kb/s,,1.15 kb/s,380 b/s,422 b/s,,,,,,,,,,,1.51 kb/s,291 b/s,1.24 kb/s,2.39 kb/s,380 b/s,380 b/s,,0 b/s
2024-03-04 17:20:15,,397 b/s,0 b/s,0 b/s,6.55 kb/s,0 b/s,,8.79 kb/s,,1.20 kb/s,5.63 kb/s,461 b/s,,0 b/s,3.53 kb/s,,5.02 kb/s,,4.07 kb/s,461 b/s,462 b/s,,,,,,,,,,,469 b/s,0 b/s,9.34 kb/s,1.50 kb/s,462 b/s,462 b/s,,193 b/s,,429 b/s,0 b/s,0 b/s,16.7 kb/s,0 b/s,,1.51 kb/s,,895 b/s,5.61 kb/s,604 b/s,,426 b/s,25.4 kb/s,,1.76 kb/s,,1.38 kb/s,604 b/s,604 b/s,,,,,,,,,,,1.62 kb/s,426 b/s,1.41 kb/s,4.63 kb/s,604 b/s,604 b/s,,0 b/s
2024-03-04 17:20:30,,480 b/s,0 b/s,0 b/s,8.34 kb/s,0 b/s,,8.67 kb/s,,1.21 kb/s,2.79 kb/s,230 b/s,,0 b/s,3.50 kb/s,,4.95 kb/s,,3.84 kb/s,230 b/s,231 b/s,,,,,,,,,,,340 b/s,0 b/s,9.00 kb/s,728 b/s,238 b/s,231 b/s,,117 b/s,,382 b/s,0 b/s,0 b/s,16.8 kb/s,0 b/s,,1.49 kb/s,,721 b/s,2.96 kb/s,470 b/s,,381 b/s,25.4 kb/s,,1.47 kb/s,,1.24 kb/s,470 b/s,470 b/s,,,,,,,,,,,1.59 kb/s,381 b/s,1.22 kb/s,2.45 kb/s,470 b/s,470 b/s,,0 b/s
2024-03-04 17:20:45,,307 b/s,0 b/s,0 b/s,5.73 kb/s,0 b/s,,8.78 kb/s,,1.34 kb/s,5.61 kb/s,519 b/s,,0 b/s,3.53 kb/s,,4.98 kb/s,,4.07 kb/s,496 b/s,462 b/s,,,,,,,,,,,610 b/s,0 b/s,9.21 kb/s,1.46 kb/s,490 b/s,462 b/s,,193 b/s,,406 b/s,0 b/s,0 b/s,16.7 kb/s,0 b/s,,1.38 kb/s,,924 b/s,5.62 kb/s,492 b/s,,314 b/s,25.3 kb/s,,1.60 kb/s,,1.27 kb/s,492 b/s,492 b/s,,,,,,,,,,,1.65 kb/s,314 b/s,1.37 kb/s,4.49 kb/s,492 b/s,498 b/s,,0 b/s
2024-03-04 17:21:00,,510 b/s,0 b/s,0 b/s,9.50 kb/s,0 b/s,,8.69 kb/s,,1.21 kb/s,2.80 kb/s,242 b/s,,0 b/s,3.50 kb/s,,5.02 kb/s,,3.84 kb/s,258 b/s,231 b/s,,,,,,,,,,,340 b/s,0 b/s,9.11 kb/s,728 b/s,266 b/s,231 b/s,,128 b/s,,382 b/s,0 b/s,0 b/s,17.2 kb/s,0 b/s,,1.54 kb/s,,766 b/s,3.09 kb/s,515 b/s,,426 b/s,25.4 kb/s,,1.57 kb/s,,1.29 kb/s,515 b/s,515 b/s,,,,,,,,,,,1.64 kb/s,426 b/s,1.28 kb/s,2.51 kb/s,515 b/s,515 b/s,,0 b/s
2024-03-04 17:21:15,,307 b/s,0 b/s,0 b/s,6.45 kb/s,0 b/s,,8.77 kb/s,,1.20 kb/s,5.69 kb/s,511 b/s,,0 b/s,3.53 kb/s,,4.95 kb/s,,4.07 kb/s,507 b/s,462 b/s,,,,,,,,,,,469 b/s,0 b/s,9.17 kb/s,1.42 kb/s,512 b/s,462 b/s,,589 b/s,,113 b/s,0 b/s,0 b/s,16.7 kb/s,0 b/s,,1.42 kb/s,,783 b/s,5.57 kb/s,534 b/s,,314 b/s,25.3 kb/s,,1.29 kb/s,,1.27 kb/s,534 b/s,498 b/s,,,,,,,,,,,1.51 kb/s,314 b/s,1.35 kb/s,4.45 kb/s,534 b/s,529 b/s,,0 b/s
2024-03-04 17:21:30,,371 b/s,0 b/s,0 b/s,9.41 kb/s,0 b/s,,8.61 kb/s,,1.21 kb/s,2.82 kb/s,230 b/s,,0 b/s,3.50 kb/s,,4.98 kb/s,,3.84 kb/s,242 b/s,231 b/s,,,,,,,,,,,340 b/s,0 b/s,8.94 kb/s,728 b/s,231 b/s,231 b/s,,2.90 kb/s,,383 b/s,0 b/s,0 b/s,16.8 kb/s,0 b/s,,1.35 kb/s,,631 b/s,2.88 kb/s,380 b/s,,291 b/s,25.3 kb/s,,1.46 kb/s,,1.15 kb/s,380 b/s,380 b/s,,,,,,,,,,,1.51 kb/s,291 b/s,1.24 kb/s,2.39 kb/s,387 b/s,380 b/s,,0 b/s
2024-03-04 17:21:45,,446 b/s,0 b/s,0 b/s,7.00 kb/s,0 b/s,,8.83 kb/s,,1.34 kb/s,5.59 kb/s,461 b/s,,0 b/s,3.53 kb/s,,4.99 kb/s,,4.07 kb/s,461 b/s,462 b/s,,,,,,,,,,,610 b/s,0 b/s,9.39 kb/s,1.46 kb/s,462 b/s,462 b/s,,2.89 kb/s,,170 b/s,0 b/s,0 b/s,16.8 kb/s,0 b/s,,1.57 kb/s,,1.06 kb/s,5.64 kb/s,633 b/s,,448 b/s,25.4 kb/s,,1.46 kb/s,,1.40 kb/s,633 b/s,626 b/s,,,,,,,,,,,1.79 kb/s,448 b/s,1.39 kb/s,4.60 kb/s,626 b/s,626 b/s,,0 b/s
2024-03-04 17:22:00,,371 b/s,0 b/s,0 b/s,10.6 kb/s,0 b/s,,8.61 kb/s,,1.21 kb/s,2.80 kb/s,230 b/s,,0 b/s,3.50 kb/s,,4.98 kb/s,,3.84 kb/s,230 b/s,231 b/s,,,,,,,,,,,340 b/s,0 b/s,8.94 kb/s,728 b/s,231 b/s,231 b/s,,428 b/s,,326 b/s,0 b/s,0 b/s,16.7 kb/s,0 b/s,,1.35 kb/s,,631 b/s,2.87 kb/s,380 b/s,,291 b/s,25.3 kb/s,,1.40 kb/s,,1.15 kb/s,380 b/s,380 b/s,,,,,,,,,,,1.51 kb/s,291 b/s,1.24 kb/s,2.37 kb/s,380 b/s,380 b/s,,0 b/s
2024-03-04 17:22:15,,401 b/s,0 b/s,0 b/s,6.74 kb/s,0 b/s,,8.84 kb/s,,1.20 kb/s,5.59 kb/s,461 b/s,,0 b/s,3.53 kb/s,,4.95 kb/s,,4.07 kb/s,461 b/s,462 b/s,,,,,,,,,,,469 b/s,0 b/s,9.23 kb/s,1.46 kb/s,462 b/s,462 b/s,,368 b/s,,170 b/s,0 b/s,0 b/s,16.8 kb/s,0 b/s,,1.50 kb/s,,850 b/s,5.54 kb/s,559 b/s,,381 b/s,25.4 kb/s,,1.36 kb/s,,1.33 kb/s,559 b/s,559 b/s,,,,,,,,,,,1.58 kb/s,381 b/s,1.35 kb/s,4.55 kb/s,559 b/s,559 b/s,,0 b/s
2024-03-04 17:22:30,,446 b/s,0 b/s,0 b/s,8.53 kb/s,0 b/s,,8.62 kb/s,,1.21 kb/s,2.78 kb/s,230 b/s,,0 b/s,3.50 kb/s,,4.99 kb/s,,3.84 kb/s,230 b/s,231 b/s,,,,,,,,,,,340 b/s,0 b/s,9.13 kb/s,699 b/s,231 b/s,231 b/s,,0 b/s,,303 b/s,0 b/s,0 b/s,16.8 kb/s,0 b/s,,1.48 kb/s,,766 b/s,2.99 kb/s,515 b/s,,426 b/s,25.4 kb/s,,1.55 kb/s,,1.29 kb/s,515 b/s,515 b/s,,,,,,,,,,,1.64 kb/s,426 b/s,1.28 kb/s,2.50 kb/s,515 b/s,515 b/s,,0 b/s
2024-03-04 17:22:45,,591 b/s,0 b/s,0 b/s,6.82 kb/s,0 b/s,,9.10 kb/s,,1.34 kb/s,5.61 kb/s,461 b/s,,0 b/s,3.53 kb/s,,5.00 kb/s,,4.07 kb/s,461 b/s,462 b/s,,,,,,,,,,,610 b/s,0 b/s,9.19 kb/s,1.46 kb/s,462 b/s,469 b/s,,175 b/s,,481 b/s,0 b/s,0 b/s,18.1 kb/s,0 b/s,,1.72 kb/s,,924 b/s,5.50 kb/s,492 b/s,,314 b/s,25.3 kb/s,,1.33 kb/s,,1.27 kb/s,492 b/s,492 b/s,,,,,,,,,,,1.65 kb/s,314 b/s,1.37 kb/s,4.50 kb/s,492 b/s,492 b/s,,0 b/s
2024-03-04 17:23:00,,431 b/s,0 b/s,0 b/s,10.3 kb/s,0 b/s,,8.59 kb/s,,1.21 kb/s,2.78 kb/s,230 b/s,,0 b/s,3.50 kb/s,,4.99 kb/s,,3.84 kb/s,230 b/s,231 b/s,,,,,,,,,,,340 b/s,0 b/s,9.11 kb/s,728 b/s,231 b/s,242 b/s,,99.2 b/s,,198 b/s,0 b/s,0 b/s,16.8 kb/s,0 b/s,,1.46 kb/s,,766 b/s,3.01 kb/s,515 b/s,,426 b/s,25.4 kb/s,,1.47 kb/s,,1.29 kb/s,515 b/s,515 b/s,,,,,,,,,,,1.64 kb/s,426 b/s,1.28 kb/s,2.50 kb/s,515 b/s,515 b/s,,0 b/s
2024-03-04 17:23:15,,431 b/s,0 b/s,0 b/s,6.40 kb/s,0 b/s,,8.85 kb/s,,1.20 kb/s,5.58 kb/s,461 b/s,,0 b/s,3.53 kb/s,,4.95 kb/s,,4.07 kb/s,461 b/s,462 b/s,,,,,,,,,,,469 b/s,0 b/s,9.21 kb/s,1.46 kb/s,462 b/s,481 b/s,,87.5 b/s,,214 b/s,0 b/s,0 b/s,16.8 kb/s,0 b/s,,1.53 kb/s,,850 b/s,5.55 kb/s,559 b/s,,381 b/s,25.4 kb/s,,1.36 kb/s,,1.33 kb/s,559 b/s,559 b/s,,,,,,,,,,,1.58 kb/s,381 b/s,1.33 kb/s,4.53 kb/s,559 b/s,559 b/s,,0 b/s
2024-03-04 17:23:30,,247 b/s,0 b/s,0 b/s,10.7 kb/s,0 b/s,,8.54 kb/s,,1.62 kb/s,2.83 kb/s,230 b/s,,0 b/s,3.73 kb/s,,4.95 kb/s,,3.87 kb/s,230 b/s,231 b/s,,,,,,,,,,,891 b/s,0 b/s,8.99 kb/s,728 b/s,462 b/s,263 b/s,,3.02 kb/s,,112 b/s,0 b/s,0 b/s,75.0 kb/s,0 b/s,,1.31 kb/s,,1.16 kb/s,2.98 kb/s,358 b/s,,269 b/s,25.5 kb/s,,1.36 kb/s,,1.20 kb/s,358 b/s,358 b/s,,,,,,,,,,,1.89 kb/s,269 b/s,1.31 kb/s,2.35 kb/s,559 b/s,358 b/s,,112 b/s
2024-03-04 17:23:45,,119 b/s,0 b/s,0 b/s,10.8 kb/s,0 b/s,,1.08 kb/s,,0 b/s,6.27 kb/s,461 b/s,,0 b/s,3.73 kb/s,,4.95 kb/s,,493 b/s,461 b/s,462 b/s,,,,,,,,,,,891 b/s,0 b/s,8.99 kb/s,2.43 kb/s,462 b/s,477 b/s,,546 b/s,,0 b/s,0 b/s,0 b/s,172 kb/s,0 b/s,,1.41 kb/s,,346 b/s,6.51 kb/s,524 b/s,,269 b/s,25.5 kb/s,,1.36 kb/s,,524 b/s,524 b/s,524 b/s,,,,,,,,,,,1.89 kb/s,269 b/s,1.31 kb/s,4.50 kb/s,559 b/s,524 b/s,,33.1 b/s
2024-03-04 17:24:00,,0 b/s,0 b/s,0 b/s,15.9 kb/s,0 b/s,,1.08 kb/s,,70.4 b/s,1.98 kb/s,266 b/s,,0 b/s,3.73 kb/s,,,,292 b/s,230 b/s,231 b/s,,,,,,,,,,,891 b/s,0 b/s,8.99 kb/s,708 b/s,,231 b/s,,326 b/s,,0 b/s,0 b/s,0 b/s,248 kb/s,0 b/s,,1.41 kb/s,,70.4 b/s,1.99 kb/s,124 b/s,,269 b/s,25.5 kb/s,,,,124 b/s,89.1 b/s,89.1 b/s,,,,,,,,,,,1.89 kb/s,269 b/s,1.31 kb/s,1.47 kb/s,,89.1 b/s,,0 b/s
2024-03-04 17:24:15,,0 b/s,0 b/s,0 b/s,11.3 kb/s,0 b/s,,1.08 kb/s,,70.4 b/s,1.98 kb/s,266 b/s,,,,,,,292 b/s,230 b/s,231 b/s,,,,,,,,,,,,,,708 b/s,,231 b/s,,246 b/s,,0 b/s,0 b/s,0 b/s,281 kb/s,0 b/s,,1.41 kb/s,,70.4 b/s,1.99 kb/s,124 b/s,,,,,,,124 b/s,89.1 b/s,89.1 b/s,,,,,,,,,,,,,,1.47 kb/s,,89.1 b/s,,56 b/s
2024-03-04 17:24:30,,0 b/s,0 b/s,0 b/s,11.6 kb/s,0 b/s,,,,70.4 b/s,1.98 kb/s,266 b/s,,,,,,,292 b/s,230 b/s,231 b/s,,,,,,,,,,,,,,708 b/s,,231 b/s,,207 b/s,,0 b/s,0 b/s,0 b/s,16.4 kb/s,0 b/s,,,,70.4 b/s,1.99 kb/s,124 b/s,,,,,,,124 b/s,89.1 b/s,89.1 b/s,,,,,,,,,,,,,,1.47 kb/s,,89.1 b/s,,33.1 b/s
2024-03-04 17:24:45,,0 b/s,0 b/s,0 b/s,5.06 kb/s,0 b/s,,,,,,,,,,,,,,,,,,,,,,,,,,,,,,,,,0 b/s,,0 b/s,0 b/s,0 b/s,14.9 kb/s,0 b/s,,,,,,,,,,,,,,,,,,,,,,,,,,,,,,,,,0 b/s
2024-03-04 17:25:00,,0 b/s,0 b/s,0 b/s,10.2 kb/s,0 b/s,,,,,,,,,,,,,,,,,,,,,,,,,,,,,,,,,1.14 kb/s,,0 b/s,0 b/s,0 b/s,15.5 kb/s,0 b/s,,,,,,,,,,,,,,,,,,,,,,,,,,,,,,,,,0 b/s
2024-03-04 17:25:15,,0 b/s,0 b/s,0 b/s,10.3 kb/s,0 b/s,,,,,,,,,,,,,,,,,,,,,,,,,,,,,,,,,380 b/s,,0 b/s,0 b/s,0 b/s,26.7 kb/s,0 b/s,,,,,,,,,,,,,,,,,,,,,,,,,,,,,,,,,56 b/s
2024-03-04 17:25:30,,0 b/s,0 b/s,0 b/s,11.3 kb/s,0 b/s,,,,,,,,,,,,,,,,,,,,,,,,,,,,,,,,,119 b/s,,0 b/s,0 b/s,0 b/s,17.5 kb/s,0 b/s,,,,,,,,,,,,,,,,,,,,,,,,,,,,,,,,,33.1 b/s
2024-03-04 17:25:45,,,0 b/s,0 b/s,7.97 kb/s,0 b/s,,,,,,,,,,,,,,,,,,,,,,,,,,,,,,,,,322 b/s,,,0 b/s,0 b/s,15.9 kb/s,0 b/s,,,,,,,,,,,,,,,,,,,,,,,,,,,,,,,,,0 b/s
2024-03-04 17:26:00,,,0 b/s,0 b/s,13.7 kb/s,119 b/s,,,,,,,,,,,,,,,,,,,,,,,,,,,,,,,,,159 b/s,,,0 b/s,0 b/s,17.4 kb/s,398 b/s,,,,,,,,,,,,,,,,,,,,,,,,,,,,,,,,,56.0 b/s
2024-03-04 17:26:15,,,0 b/s,0 b/s,13.7 kb/s,119 b/s,,,,,,,,,,,,,,,,,,,,,,,,,,,,,,,,,159 b/s,,,0 b/s,0 b/s,17.4 kb/s,398 b/s,,,,,,,,,,,,,,,,,,,,,,,,,,,,,,,,,56.0 b/s
2024-03-04 17:26:30,,,0 b/s,0 b/s,13.7 kb/s,119 b/s,,,,,,,,,,,,,,,,,,,,,,,,,,,,,,,,,159 b/s,,,0 b/s,0 b/s,17.4 kb/s,398 b/s,,,,,,,,,,,,,,,,,,,,,,,,,,,,,,,,,56.0 b/s