"Time","recv br-822f36fcf659","recv br-free5gc","recv docker0","recv enp0s31f6","recv veth0ea5b73","recv veth47af021","recv veth4d4ac81","recv veth4eb156c","recv veth53bb57b","recv veth760ea54","recv veth785abe4","recv veth840f604","recv vethb4d7470","recv vethb55b5aa","recv vethb8fbd92","recv vethc2eba3d","recv vethc7fa34c","recv vethe86bb89","recv vethf785d04","recv vethfa5b96c","recv wlp0s20f3","trans br-822f36fcf659 ","trans br-free5gc ","trans docker0 ","trans enp0s31f6 ","trans veth0ea5b73 ","trans veth47af021 ","trans veth4d4ac81 ","trans veth4eb156c ","trans veth53bb57b ","trans veth760ea54 ","trans veth785abe4 ","trans veth840f604 ","trans vethb4d7470 ","trans vethb55b5aa ","trans vethb8fbd92 ","trans vethc2eba3d ","trans vethc7fa34c ","trans vethe86bb89 ","trans vethf785d04 ","trans vethfa5b96c ","trans wlp0s20f3 "
2024-03-05 16:19:30,107 Mb/s,0 b/s,0 b/s,105 Mb/s,0 b/s,804 b/s,108 Mb/s,231 b/s,3.50 kb/s,231 b/s,8.98 kb/s,230 b/s,3.84 kb/s,716 b/s,230 b/s,0 b/s,2.73 kb/s,231 b/s,8.65 kb/s,270 b/s,604 b/s,101 Mb/s,0 b/s,0 b/s,108 Mb/s,291 b/s,561 b/s,101 Mb/s,380 b/s,25.3 kb/s,380 b/s,1.41 kb/s,380 b/s,1.15 kb/s,2.31 kb/s,380 b/s,291 b/s,2.85 kb/s,380 b/s,1.38 kb/s,1.10 kb/s,0 b/s
2024-03-05 16:19:45,9.74 Mb/s,0 b/s,0 b/s,9.59 Mb/s,0 b/s,1.77 kb/s,9.84 Mb/s,462 b/s,3.53 kb/s,542 b/s,9.21 kb/s,461 b/s,4.22 kb/s,1.40 kb/s,461 b/s,0 b/s,5.42 kb/s,483 b/s,8.79 kb/s,540 b/s,382 b/s,9.18 Mb/s,0 b/s,0 b/s,9.88 Mb/s,314 b/s,1.01 kb/s,9.18 Mb/s,492 b/s,25.3 kb/s,572 b/s,1.39 kb/s,492 b/s,1.35 kb/s,4.31 kb/s,492 b/s,314 b/s,5.49 kb/s,492 b/s,1.40 kb/s,1.92 kb/s,0 b/s
2024-03-05 16:20:00,173 kb/s,0 b/s,0 b/s,182 kb/s,0 b/s,945 b/s,181 kb/s,231 b/s,3.50 kb/s,231 b/s,9.16 kb/s,230 b/s,3.85 kb/s,681 b/s,230 b/s,0 b/s,2.71 kb/s,234 b/s,8.65 kb/s,411 b/s,179 b/s,174 kb/s,0 b/s,0 b/s,194 kb/s,493 b/s,903 b/s,176 kb/s,582 b/s,25.5 kb/s,582 b/s,1.26 kb/s,582 b/s,1.36 kb/s,2.49 kb/s,582 b/s,493 b/s,3.03 kb/s,582 b/s,1.58 kb/s,1.44 kb/s,0 b/s
2024-03-05 16:20:15,6.61 kb/s,0 b/s,0 b/s,18.8 kb/s,0 b/s,1.40 kb/s,11.5 kb/s,462 b/s,3.53 kb/s,462 b/s,9.15 kb/s,461 b/s,4.07 kb/s,1.36 kb/s,461 b/s,0 b/s,5.54 kb/s,461 b/s,8.77 kb/s,505 b/s,645 b/s,6.76 kb/s,0 b/s,0 b/s,23.3 kb/s,314 b/s,818 b/s,7.91 kb/s,492 b/s,25.3 kb/s,492 b/s,1.33 kb/s,492 b/s,1.27 kb/s,4.43 kb/s,492 b/s,314 b/s,5.37 kb/s,492 b/s,1.38 kb/s,1.71 kb/s,0 b/s
2024-03-05 16:20:30,4.57 kb/s,0 b/s,0 b/s,11.0 kb/s,0 b/s,1.01 kb/s,9.27 kb/s,231 b/s,3.50 kb/s,231 b/s,9.04 kb/s,230 b/s,3.84 kb/s,716 b/s,230 b/s,0 b/s,2.71 kb/s,230 b/s,8.67 kb/s,305 b/s,226 b/s,4.59 kb/s,0 b/s,0 b/s,21.0 kb/s,336 b/s,641 b/s,5.72 kb/s,425 b/s,25.3 kb/s,425 b/s,1.30 kb/s,425 b/s,1.20 kb/s,2.33 kb/s,425 b/s,336 b/s,2.90 kb/s,425 b/s,1.45 kb/s,1.35 kb/s,0 b/s
2024-03-05 16:20:45,1.25 kb/s,0 b/s,0 b/s,12.3 kb/s,0 b/s,1.20 kb/s,5.98 kb/s,489 b/s,3.53 kb/s,462 b/s,9.26 kb/s,461 b/s,4.07 kb/s,1.43 kb/s,461 b/s,0 b/s,5.45 kb/s,461 b/s,8.77 kb/s,469 b/s,229 b/s,1.16 kb/s,0 b/s,0 b/s,17.7 kb/s,403 b/s,873 b/s,2.43 kb/s,581 b/s,25.4 kb/s,581 b/s,1.35 kb/s,581 b/s,1.36 kb/s,4.43 kb/s,581 b/s,403 b/s,5.55 kb/s,581 b/s,1.47 kb/s,1.60 kb/s,0 b/s
2024-03-05 16:21:00,1.66 kb/s,0 b/s,0 b/s,7.63 kb/s,0 b/s,1.35 kb/s,6.44 kb/s,275 b/s,3.50 kb/s,231 b/s,8.94 kb/s,230 b/s,3.84 kb/s,716 b/s,230 b/s,0 b/s,2.73 kb/s,230 b/s,8.61 kb/s,481 b/s,439 b/s,1.73 kb/s,0 b/s,0 b/s,18.2 kb/s,291 b/s,772 b/s,2.80 kb/s,380 b/s,25.3 kb/s,380 b/s,1.24 kb/s,380 b/s,1.15 kb/s,2.30 kb/s,380 b/s,291 b/s,2.89 kb/s,380 b/s,1.35 kb/s,1.65 kb/s,0 b/s
2024-03-05 16:21:15,760 b/s,0 b/s,0 b/s,12.4 kb/s,0 b/s,1.20 kb/s,5.32 kb/s,477 b/s,3.53 kb/s,462 b/s,9.43 kb/s,461 b/s,4.07 kb/s,1.44 kb/s,461 b/s,0 b/s,5.45 kb/s,461 b/s,8.82 kb/s,469 b/s,99.2 b/s,453 b/s,0 b/s,0 b/s,17.0 kb/s,515 b/s,985 b/s,1.84 kb/s,693 b/s,25.5 kb/s,693 b/s,1.41 kb/s,693 b/s,1.47 kb/s,4.55 kb/s,693 b/s,515 b/s,5.66 kb/s,693 b/s,1.64 kb/s,1.71 kb/s,0 b/s
2024-03-05 16:21:30,10.3 kb/s,0 b/s,0 b/s,18.1 kb/s,0 b/s,1.21 kb/s,15.5 kb/s,231 b/s,3.50 kb/s,231 b/s,8.94 kb/s,230 b/s,3.84 kb/s,716 b/s,230 b/s,0 b/s,2.72 kb/s,230 b/s,8.62 kb/s,340 b/s,644 b/s,11.1 kb/s,0 b/s,0 b/s,27.4 kb/s,291 b/s,632 b/s,12.2 kb/s,380 b/s,25.3 kb/s,380 b/s,1.24 kb/s,380 b/s,1.15 kb/s,2.30 kb/s,380 b/s,291 b/s,2.85 kb/s,380 b/s,1.35 kb/s,1.51 kb/s,0 b/s
2024-03-05 16:21:45,50.9 kb/s,0 b/s,0 b/s,83.6 kb/s,0 b/s,1.20 kb/s,63.4 kb/s,462 b/s,3.53 kb/s,462 b/s,9.17 kb/s,461 b/s,4.07 kb/s,1.43 kb/s,461 b/s,0 b/s,5.48 kb/s,461 b/s,8.83 kb/s,469 b/s,45.9 b/s,69.8 kb/s,0 b/s,0 b/s,77.5 kb/s,314 b/s,783 b/s,70.9 kb/s,492 b/s,25.3 kb/s,492 b/s,1.35 kb/s,492 b/s,1.27 kb/s,4.37 kb/s,492 b/s,314 b/s,5.44 kb/s,492 b/s,1.44 kb/s,1.51 kb/s,0 b/s
2024-03-05 16:22:00,47.7 kb/s,0 b/s,0 b/s,55.6 kb/s,0 b/s,1.35 kb/s,53.6 kb/s,231 b/s,3.50 kb/s,231 b/s,9.18 kb/s,238 b/s,3.84 kb/s,716 b/s,230 b/s,0 b/s,2.71 kb/s,230 b/s,8.55 kb/s,481 b/s,350 b/s,48.7 kb/s,0 b/s,0 b/s,65.6 kb/s,493 b/s,974 b/s,50.1 kb/s,582 b/s,25.5 kb/s,582 b/s,1.28 kb/s,582 b/s,1.36 kb/s,2.49 kb/s,582 b/s,493 b/s,3.07 kb/s,582 b/s,1.47 kb/s,1.85 kb/s,0 b/s
2024-03-05 16:22:15,15.5 kb/s,0 b/s,0 b/s,24.8 kb/s,0 b/s,1.20 kb/s,20.7 kb/s,462 b/s,3.53 kb/s,498 b/s,9.17 kb/s,535 b/s,4.07 kb/s,1.40 kb/s,502 b/s,0 b/s,5.51 kb/s,461 b/s,8.92 kb/s,469 b/s,738 b/s,16.2 kb/s,0 b/s,0 b/s,32.7 kb/s,314 b/s,783 b/s,17.2 kb/s,492 b/s,25.3 kb/s,492 b/s,1.35 kb/s,492 b/s,1.27 kb/s,4.40 kb/s,492 b/s,314 b/s,5.57 kb/s,492 b/s,1.51 kb/s,1.51 kb/s,0 b/s
2024-03-05 16:22:30,2.62 kb/s,0 b/s,0 b/s,8.69 kb/s,0 b/s,1.21 kb/s,7.50 kb/s,231 b/s,3.50 kb/s,234 b/s,9.09 kb/s,234 b/s,3.84 kb/s,716 b/s,273 b/s,0 b/s,2.74 kb/s,230 b/s,8.55 kb/s,340 b/s,117 b/s,2.62 kb/s,0 b/s,0 b/s,19.2 kb/s,381 b/s,721 b/s,3.92 kb/s,470 b/s,25.4 kb/s,470 b/s,1.30 kb/s,470 b/s,1.24 kb/s,2.41 kb/s,470 b/s,381 b/s,3.01 kb/s,470 b/s,1.36 kb/s,1.59 kb/s,0 b/s
2024-03-05 16:22:45,2.31 kb/s,0 b/s,0 b/s,13.6 kb/s,0 b/s,1.20 kb/s,7.11 kb/s,462 b/s,3.53 kb/s,509 b/s,9.28 kb/s,461 b/s,4.07 kb/s,1.43 kb/s,461 b/s,0 b/s,5.51 kb/s,461 b/s,8.86 kb/s,469 b/s,267 b/s,2.56 kb/s,0 b/s,0 b/s,18.9 kb/s,426 b/s,895 b/s,3.77 kb/s,604 b/s,25.4 kb/s,604 b/s,1.35 kb/s,604 b/s,1.38 kb/s,4.51 kb/s,604 b/s,426 b/s,5.61 kb/s,604 b/s,1.57 kb/s,1.62 kb/s,0 b/s
2024-03-05 16:23:00,2.38 kb/s,0 b/s,0 b/s,9.19 kb/s,0 b/s,1.35 kb/s,7.28 kb/s,231 b/s,3.50 kb/s,231 b/s,8.94 kb/s,230 b/s,3.84 kb/s,716 b/s,230 b/s,0 b/s,2.75 kb/s,230 b/s,8.59 kb/s,481 b/s,177 b/s,2.54 kb/s,0 b/s,0 b/s,19.1 kb/s,291 b/s,772 b/s,3.64 kb/s,380 b/s,25.3 kb/s,380 b/s,1.24 kb/s,380 b/s,1.15 kb/s,2.33 kb/s,380 b/s,291 b/s,2.85 kb/s,380 b/s,1.32 kb/s,1.65 kb/s,0 b/s
2024-03-05 16:23:15,2.06 kb/s,0 b/s,0 b/s,10.5 kb/s,0 b/s,1.20 kb/s,6.83 kb/s,462 b/s,3.53 kb/s,462 b/s,9.38 kb/s,461 b/s,4.07 kb/s,1.43 kb/s,461 b/s,0 b/s,5.52 kb/s,461 b/s,8.84 kb/s,469 b/s,251 b/s,1.98 kb/s,0 b/s,0 b/s,18.6 kb/s,470 b/s,940 b/s,3.32 kb/s,648 b/s,25.4 kb/s,648 b/s,1.41 kb/s,648 b/s,1.42 kb/s,4.56 kb/s,648 b/s,470 b/s,5.61 kb/s,648 b/s,1.59 kb/s,1.67 kb/s,0 b/s
2024-03-05 16:23:30,1.98 kb/s,0 b/s,0 b/s,8.36 kb/s,0 b/s,1.21 kb/s,6.75 kb/s,231 b/s,3.50 kb/s,231 b/s,8.96 kb/s,230 b/s,3.84 kb/s,716 b/s,230 b/s,0 b/s,2.76 kb/s,230 b/s,8.62 kb/s,340 b/s,117 b/s,2.01 kb/s,0 b/s,0 b/s,18.6 kb/s,336 b/s,676 b/s,3.10 kb/s,462 b/s,25.3 kb/s,425 b/s,1.22 kb/s,425 b/s,1.20 kb/s,2.39 kb/s,425 b/s,336 b/s,2.90 kb/s,425 b/s,1.39 kb/s,1.55 kb/s,0 b/s
2024-03-05 16:23:45,1.95 kb/s,0 b/s,0 b/s,11.7 kb/s,0 b/s,1.20 kb/s,6.75 kb/s,462 b/s,3.53 kb/s,462 b/s,9.15 kb/s,461 b/s,4.07 kb/s,1.40 kb/s,461 b/s,0 b/s,5.51 kb/s,461 b/s,8.82 kb/s,469 b/s,239 b/s,2.06 kb/s,0 b/s,0 b/s,18.5 kb/s,314 b/s,783 b/s,3.16 kb/s,492 b/s,25.3 kb/s,492 b/s,1.33 kb/s,529 b/s,1.27 kb/s,4.40 kb/s,492 b/s,314 b/s,5.41 kb/s,492 b/s,1.44 kb/s,1.55 kb/s,0 b/s
2024-03-05 16:24:00,16.8 kb/s,0 b/s,0 b/s,25.9 kb/s,0 b/s,1.35 kb/s,22.5 kb/s,231 b/s,3.50 kb/s,231 b/s,9.15 kb/s,230 b/s,3.84 kb/s,716 b/s,230 b/s,0 b/s,2.75 kb/s,230 b/s,8.61 kb/s,481 b/s,117 b/s,17.7 kb/s,0 b/s,0 b/s,34.5 kb/s,426 b/s,906 b/s,19.0 kb/s,515 b/s,25.5 kb/s,515 b/s,1.32 kb/s,515 b/s,1.29 kb/s,2.46 kb/s,515 b/s,426 b/s,2.99 kb/s,515 b/s,1.48 kb/s,1.78 kb/s,0 b/s
2024-03-05 16:24:15,2.21 kb/s,0 b/s,0 b/s,12.8 kb/s,0 b/s,1.20 kb/s,7.04 kb/s,462 b/s,3.53 kb/s,462 b/s,9.15 kb/s,461 b/s,4.07 kb/s,1.43 kb/s,461 b/s,0 b/s,5.51 kb/s,461 b/s,8.82 kb/s,469 b/s,53.3 b/s,2.28 kb/s,0 b/s,0 b/s,18.9 kb/s,314 b/s,783 b/s,3.38 kb/s,492 b/s,25.3 kb/s,492 b/s,1.33 kb/s,492 b/s,1.27 kb/s,4.40 kb/s,492 b/s,314 b/s,5.44 kb/s,492 b/s,1.44 kb/s,1.51 kb/s,0 b/s
2024-03-05 16:24:30,2.12 kb/s,0 b/s,0 b/s,8.83 kb/s,0 b/s,1.21 kb/s,6.89 kb/s,231 b/s,3.50 kb/s,231 b/s,9.00 kb/s,230 b/s,3.84 kb/s,716 b/s,230 b/s,0 b/s,2.78 kb/s,230 b/s,8.59 kb/s,340 b/s,321 b/s,2.12 kb/s,0 b/s,0 b/s,18.6 kb/s,381 b/s,721 b/s,3.29 kb/s,470 b/s,25.4 kb/s,470 b/s,1.21 kb/s,470 b/s,1.24 kb/s,2.45 kb/s,470 b/s,381 b/s,2.94 kb/s,470 b/s,1.41 kb/s,1.59 kb/s,0 b/s
2024-03-05 16:24:45,2.10 kb/s,0 b/s,0 b/s,11.2 kb/s,0 b/s,1.20 kb/s,6.94 kb/s,462 b/s,3.53 kb/s,462 b/s,9.31 kb/s,461 b/s,4.07 kb/s,1.43 kb/s,461 b/s,0 b/s,5.50 kb/s,461 b/s,8.84 kb/s,469 b/s,135 b/s,2.11 kb/s,0 b/s,0 b/s,18.8 kb/s,358 b/s,828 b/s,3.32 kb/s,536 b/s,25.3 kb/s,536 b/s,1.41 kb/s,536 b/s,1.31 kb/s,4.44 kb/s,536 b/s,358 b/s,5.56 kb/s,536 b/s,1.50 kb/s,1.56 kb/s,0 b/s
2024-03-05 16:25:00,10.1 kb/s,0 b/s,0 b/s,16.3 kb/s,0 b/s,1.51 kb/s,15.3 kb/s,231 b/s,3.50 kb/s,311 b/s,8.97 kb/s,230 b/s,3.92 kb/s,716 b/s,230 b/s,0 b/s,2.74 kb/s,230 b/s,8.54 kb/s,481 b/s,495 b/s,10.5 kb/s,0 b/s,0 b/s,27.2 kb/s,291 b/s,932 b/s,11.6 kb/s,380 b/s,25.3 kb/s,460 b/s,1.24 kb/s,380 b/s,1.23 kb/s,2.32 kb/s,418 b/s,291 b/s,2.88 kb/s,380 b/s,1.27 kb/s,1.65 kb/s,0 b/s
2024-03-05 16:25:15,5.13 kb/s,0 b/s,0 b/s,14.7 kb/s,0 b/s,1.20 kb/s,9.98 kb/s,462 b/s,3.53 kb/s,462 b/s,9.42 kb/s,461 b/s,4.07 kb/s,1.43 kb/s,461 b/s,0 b/s,5.52 kb/s,461 b/s,8.90 kb/s,469 b/s,138 b/s,5.26 kb/s,0 b/s,0 b/s,21.8 kb/s,515 b/s,985 b/s,6.54 kb/s,693 b/s,25.5 kb/s,693 b/s,1.39 kb/s,693 b/s,1.47 kb/s,4.61 kb/s,693 b/s,515 b/s,5.65 kb/s,693 b/s,1.72 kb/s,1.71 kb/s,0 b/s
2024-03-05 16:25:30,2.48 kb/s,0 b/s,0 b/s,8.94 kb/s,0 b/s,1.21 kb/s,7.44 kb/s,231 b/s,3.50 kb/s,231 b/s,8.94 kb/s,230 b/s,3.84 kb/s,716 b/s,230 b/s,0 b/s,2.76 kb/s,230 b/s,8.54 kb/s,340 b/s,175 b/s,2.60 kb/s,0 b/s,0 b/s,19.2 kb/s,291 b/s,631 b/s,3.76 kb/s,380 b/s,25.3 kb/s,380 b/s,1.24 kb/s,380 b/s,1.15 kb/s,2.37 kb/s,380 b/s,291 b/s,2.85 kb/s,380 b/s,1.27 kb/s,1.51 kb/s,0 b/s
2024-03-05 16:25:45,2.18 kb/s,0 b/s,0 b/s,10.2 kb/s,0 b/s,1.20 kb/s,6.97 kb/s,462 b/s,3.53 kb/s,462 b/s,9.17 kb/s,461 b/s,4.07 kb/s,1.40 kb/s,461 b/s,0 b/s,5.47 kb/s,461 b/s,8.88 kb/s,469 b/s,45.9 b/s,2.24 kb/s,0 b/s,0 b/s,18.8 kb/s,314 b/s,783 b/s,3.31 kb/s,492 b/s,25.3 kb/s,492 b/s,1.35 kb/s,492 b/s,1.27 kb/s,4.36 kb/s,492 b/s,314 b/s,5.40 kb/s,492 b/s,1.49 kb/s,1.51 kb/s,0 b/s
2024-03-05 16:26:00,2.74 kb/s,0 b/s,0 b/s,8.28 kb/s,0 b/s,1.35 kb/s,7.62 kb/s,231 b/s,3.50 kb/s,231 b/s,9.18 kb/s,230 b/s,3.84 kb/s,758 b/s,230 b/s,0 b/s,2.83 kb/s,254 b/s,8.56 kb/s,481 b/s,725 b/s,2.76 kb/s,0 b/s,0 b/s,19.4 kb/s,493 b/s,974 b/s,4.13 kb/s,582 b/s,25.5 kb/s,582 b/s,1.28 kb/s,582 b/s,1.36 kb/s,2.61 kb/s,582 b/s,493 b/s,3.12 kb/s,582 b/s,1.49 kb/s,1.85 kb/s,0 b/s
2024-03-05 16:26:15,7.89 kb/s,0 b/s,0 b/s,18.1 kb/s,0 b/s,1.20 kb/s,13.0 kb/s,462 b/s,3.53 kb/s,462 b/s,9.17 kb/s,461 b/s,4.07 kb/s,1.40 kb/s,461 b/s,0 b/s,5.49 kb/s,496 b/s,8.82 kb/s,469 b/s,850 b/s,8.24 kb/s,0 b/s,0 b/s,25.0 kb/s,314 b/s,820 b/s,9.36 kb/s,492 b/s,25.3 kb/s,492 b/s,1.35 kb/s,492 b/s,1.27 kb/s,4.38 kb/s,492 b/s,314 b/s,5.43 kb/s,492 b/s,1.44 kb/s,1.51 kb/s,0 b/s
2024-03-05 16:26:30,2.64 kb/s,0 b/s,0 b/s,9.44 kb/s,0 b/s,1.21 kb/s,7.45 kb/s,231 b/s,3.50 kb/s,231 b/s,9.02 kb/s,230 b/s,3.87 kb/s,716 b/s,230 b/s,0 b/s,2.74 kb/s,230 b/s,8.61 kb/s,340 b/s,428 b/s,2.74 kb/s,0 b/s,0 b/s,19.3 kb/s,403 b/s,743 b/s,3.94 kb/s,492 b/s,25.4 kb/s,492 b/s,1.21 kb/s,492 b/s,1.27 kb/s,2.44 kb/s,492 b/s,403 b/s,3.00 kb/s,492 b/s,1.46 kb/s,1.62 kb/s,0 b/s
2024-03-05 16:26:45,142 kb/s,0 b/s,0 b/s,152 kb/s,0 b/s,1.20 kb/s,149 kb/s,462 b/s,3.53 kb/s,462 b/s,9.32 kb/s,461 b/s,4.11 kb/s,1.40 kb/s,461 b/s,0 b/s,5.51 kb/s,484 b/s,8.82 kb/s,469 b/s,87.5 b/s,142 kb/s,0 b/s,0 b/s,162 kb/s,403 b/s,873 b/s,143 kb/s,581 b/s,25.4 kb/s,581 b/s,1.45 kb/s,581 b/s,1.36 kb/s,4.49 kb/s,581 b/s,403 b/s,5.56 kb/s,581 b/s,1.53 kb/s,1.60 kb/s,0 b/s
2024-03-05 16:27:00,2.16 kb/s,0 b/s,0 b/s,6.71 kb/s,0 b/s,1.35 kb/s,7.08 kb/s,231 b/s,3.50 kb/s,231 b/s,8.94 kb/s,230 b/s,3.84 kb/s,716 b/s,230 b/s,0 b/s,2.76 kb/s,234 b/s,8.54 kb/s,481 b/s,87.5 b/s,2.24 kb/s,0 b/s,0 b/s,18.8 kb/s,329 b/s,772 b/s,3.39 kb/s,380 b/s,25.3 kb/s,380 b/s,1.24 kb/s,380 b/s,1.19 kb/s,2.34 kb/s,380 b/s,291 b/s,2.86 kb/s,380 b/s,1.27 kb/s,1.65 kb/s,0 b/s
2024-03-05 16:27:15,4.85 kb/s,0 b/s,0 b/s,11.8 kb/s,0 b/s,1.20 kb/s,9.57 kb/s,462 b/s,3.53 kb/s,462 b/s,9.35 kb/s,461 b/s,4.07 kb/s,1.40 kb/s,461 b/s,0 b/s,5.40 kb/s,461 b/s,8.90 kb/s,469 b/s,358 b/s,4.88 kb/s,0 b/s,0 b/s,21.5 kb/s,515 b/s,985 b/s,6.10 kb/s,693 b/s,25.5 kb/s,693 b/s,1.33 kb/s,693 b/s,1.47 kb/s,4.49 kb/s,693 b/s,515 b/s,5.60 kb/s,693 b/s,1.72 kb/s,1.71 kb/s,0 b/s
2024-03-05 16:27:30,1.89 kb/s,0 b/s,0 b/s,5.89 kb/s,0 b/s,1.21 kb/s,6.81 kb/s,238 b/s,3.50 kb/s,231 b/s,8.98 kb/s,230 b/s,3.84 kb/s,716 b/s,230 b/s,0 b/s,2.70 kb/s,230 b/s,8.54 kb/s,340 b/s,263 b/s,1.93 kb/s,0 b/s,0 b/s,18.5 kb/s,291 b/s,631 b/s,3.12 kb/s,380 b/s,25.3 kb/s,380 b/s,1.28 kb/s,380 b/s,1.15 kb/s,2.28 kb/s,380 b/s,291 b/s,2.86 kb/s,380 b/s,1.27 kb/s,1.51 kb/s,0 b/s
2024-03-05 16:27:45,2.40 kb/s,0 b/s,0 b/s,12.0 kb/s,0 b/s,1.20 kb/s,7.24 kb/s,525 b/s,3.53 kb/s,462 b/s,9.19 kb/s,461 b/s,4.07 kb/s,1.43 kb/s,461 b/s,0 b/s,5.47 kb/s,461 b/s,8.90 kb/s,469 b/s,223 b/s,2.54 kb/s,0 b/s,0 b/s,19.1 kb/s,314 b/s,783 b/s,3.60 kb/s,492 b/s,25.3 kb/s,492 b/s,1.37 kb/s,492 b/s,1.27 kb/s,4.36 kb/s,492 b/s,351 b/s,5.50 kb/s,529 b/s,1.55 kb/s,1.51 kb/s,0 b/s
2024-03-05 16:28:00,2.80 kb/s,0 b/s,0 b/s,7.09 kb/s,0 b/s,1.21 kb/s,7.70 kb/s,243 b/s,3.50 kb/s,231 b/s,9.18 kb/s,230 b/s,3.84 kb/s,716 b/s,230 b/s,0 b/s,2.69 kb/s,230 b/s,8.54 kb/s,340 b/s,347 b/s,2.82 kb/s,0 b/s,0 b/s,19.4 kb/s,493 b/s,833 b/s,4.21 kb/s,582 b/s,25.5 kb/s,582 b/s,1.28 kb/s,582 b/s,1.36 kb/s,2.47 kb/s,582 b/s,493 b/s,3.07 kb/s,582 b/s,1.47 kb/s,1.71 kb/s,0 b/s
2024-03-05 16:28:15,1.97 kb/s,0 b/s,0 b/s,12.2 kb/s,0 b/s,1.34 kb/s,6.77 kb/s,466 b/s,3.53 kb/s,462 b/s,9.15 kb/s,461 b/s,4.07 kb/s,1.40 kb/s,461 b/s,0 b/s,5.37 kb/s,461 b/s,8.82 kb/s,610 b/s,412 b/s,2.01 kb/s,0 b/s,0 b/s,18.5 kb/s,314 b/s,924 b/s,3.10 kb/s,492 b/s,25.3 kb/s,529 b/s,1.33 kb/s,492 b/s,1.27 kb/s,4.26 kb/s,492 b/s,314 b/s,5.40 kb/s,492 b/s,1.44 kb/s,1.65 kb/s,0 b/s
2024-03-05 16:28:30,20.9 kb/s,0 b/s,0 b/s,26.6 kb/s,0 b/s,1.21 kb/s,26.2 kb/s,231 b/s,3.50 kb/s,231 b/s,9.07 kb/s,230 b/s,3.84 kb/s,716 b/s,230 b/s,0 b/s,2.77 kb/s,230 b/s,8.61 kb/s,340 b/s,163 b/s,21.5 kb/s,0 b/s,0 b/s,38.3 kb/s,403 b/s,743 b/s,22.7 kb/s,492 b/s,25.4 kb/s,492 b/s,1.27 kb/s,492 b/s,1.27 kb/s,2.45 kb/s,492 b/s,403 b/s,2.96 kb/s,492 b/s,1.46 kb/s,1.62 kb/s,0 b/s
2024-03-05 16:28:45,2.11 kb/s,0 b/s,0 b/s,12.1 kb/s,0 b/s,1.20 kb/s,6.91 kb/s,462 b/s,3.53 kb/s,462 b/s,9.30 kb/s,468 b/s,4.07 kb/s,1.40 kb/s,461 b/s,0 b/s,5.45 kb/s,461 b/s,8.84 kb/s,469 b/s,0 b/s,2.09 kb/s,0 b/s,0 b/s,18.7 kb/s,403 b/s,873 b/s,3.34 kb/s,588 b/s,25.4 kb/s,581 b/s,1.39 kb/s,581 b/s,1.36 kb/s,4.42 kb/s,581 b/s,403 b/s,5.52 kb/s,588 b/s,1.53 kb/s,1.60 kb/s,0 b/s
2024-03-05 16:29:00,3.43 kb/s,0 b/s,0 b/s,9.14 kb/s,0 b/s,1.21 kb/s,8.35 kb/s,231 b/s,3.50 kb/s,250 b/s,8.94 kb/s,263 b/s,3.84 kb/s,722 b/s,238 b/s,0 b/s,2.72 kb/s,230 b/s,8.61 kb/s,340 b/s,87.5 b/s,3.54 kb/s,0 b/s,0 b/s,20.1 kb/s,291 b/s,631 b/s,4.63 kb/s,380 b/s,25.3 kb/s,380 b/s,1.24 kb/s,380 b/s,1.15 kb/s,2.30 kb/s,380 b/s,291 b/s,2.94 kb/s,380 b/s,1.32 kb/s,1.51 kb/s,0 b/s
2024-03-05 16:29:15,2.62 kb/s,0 b/s,0 b/s,10.1 kb/s,0 b/s,1.34 kb/s,7.34 kb/s,462 b/s,3.53 kb/s,514 b/s,9.35 kb/s,503 b/s,4.07 kb/s,1.43 kb/s,478 b/s,0 b/s,5.47 kb/s,461 b/s,8.86 kb/s,610 b/s,2.25 kb/s,2.60 kb/s,0 b/s,0 b/s,19.2 kb/s,515 b/s,1.13 kb/s,3.87 kb/s,693 b/s,25.5 kb/s,693 b/s,1.33 kb/s,700 b/s,1.47 kb/s,4.55 kb/s,693 b/s,515 b/s,5.76 kb/s,693 b/s,1.66 kb/s,1.85 kb/s,0 b/s
2024-03-05 16:29:30,1.92 kb/s,0 b/s,0 b/s,5.15 kb/s,0 b/s,1.21 kb/s,6.83 kb/s,231 b/s,3.50 kb/s,246 b/s,9.02 kb/s,234 b/s,3.84 kb/s,716 b/s,262 b/s,0 b/s,2.72 kb/s,230 b/s,8.59 kb/s,340 b/s,3.18 kb/s,1.96 kb/s,0 b/s,0 b/s,18.5 kb/s,291 b/s,631 b/s,3.14 kb/s,380 b/s,25.3 kb/s,387 b/s,1.32 kb/s,380 b/s,1.15 kb/s,2.29 kb/s,387 b/s,291 b/s,2.90 kb/s,380 b/s,1.32 kb/s,1.51 kb/s,0 b/s
2024-03-05 16:29:45,1.91 kb/s,0 b/s,0 b/s,10.6 kb/s,0 b/s,1.20 kb/s,6.75 kb/s,462 b/s,3.53 kb/s,462 b/s,9.15 kb/s,461 b/s,4.07 kb/s,1.43 kb/s,489 b/s,0 b/s,5.42 kb/s,461 b/s,8.78 kb/s,469 b/s,197 b/s,1.93 kb/s,0 b/s,0 b/s,18.5 kb/s,314 b/s,783 b/s,3.08 kb/s,492 b/s,25.3 kb/s,492 b/s,1.33 kb/s,492 b/s,1.27 kb/s,4.31 kb/s,492 b/s,314 b/s,5.48 kb/s,492 b/s,1.38 kb/s,1.51 kb/s,0 b/s
2024-03-05 16:30:00,28.5 kb/s,0 b/s,0 b/s,34.6 kb/s,0 b/s,1.28 kb/s,34.2 kb/s,231 b/s,3.50 kb/s,266 b/s,9.14 kb/s,230 b/s,3.87 kb/s,716 b/s,230 b/s,0 b/s,2.72 kb/s,230 b/s,8.67 kb/s,340 b/s,29.9 b/s,30.0 kb/s,0 b/s,0 b/s,46.4 kb/s,493 b/s,903 b/s,31.2 kb/s,582 b/s,25.5 kb/s,617 b/s,1.24 kb/s,582 b/s,1.39 kb/s,2.51 kb/s,582 b/s,493 b/s,3.05 kb/s,582 b/s,1.60 kb/s,1.71 kb/s,0 b/s
2024-03-05 16:30:15,153 kb/s,0 b/s,0 b/s,162 kb/s,0 b/s,1.43 kb/s,161 kb/s,462 b/s,3.53 kb/s,507 b/s,9.21 kb/s,461 b/s,4.11 kb/s,1.40 kb/s,461 b/s,0 b/s,5.54 kb/s,461 b/s,8.78 kb/s,610 b/s,193 b/s,153 kb/s,0 b/s,0 b/s,173 kb/s,314 b/s,1.01 kb/s,154 kb/s,492 b/s,25.3 kb/s,537 b/s,1.39 kb/s,492 b/s,1.31 kb/s,4.43 kb/s,492 b/s,314 b/s,5.41 kb/s,492 b/s,1.38 kb/s,1.65 kb/s,0 b/s
2024-03-05 16:30:30,1.76 kb/s,0 b/s,0 b/s,5.47 kb/s,0 b/s,1.21 kb/s,6.36 kb/s,231 b/s,3.50 kb/s,231 b/s,9.05 kb/s,230 b/s,3.84 kb/s,716 b/s,230 b/s,0 b/s,2.75 kb/s,230 b/s,8.59 kb/s,340 b/s,29.9 b/s,1.60 kb/s,0 b/s,0 b/s,18.0 kb/s,381 b/s,721 b/s,2.81 kb/s,470 b/s,25.4 kb/s,470 b/s,1.26 kb/s,470 b/s,1.24 kb/s,2.42 kb/s,470 b/s,381 b/s,2.94 kb/s,470 b/s,1.41 kb/s,1.60 kb/s,0 b/s
2024-03-05 16:30:45,1.06 kb/s,0 b/s,0 b/s,7.46 kb/s,0 b/s,1.20 kb/s,5.70 kb/s,462 b/s,3.53 kb/s,462 b/s,9.32 kb/s,461 b/s,4.07 kb/s,1.47 kb/s,461 b/s,0 b/s,5.45 kb/s,461 b/s,8.84 kb/s,469 b/s,1.28 kb/s,853 b/s,0 b/s,0 b/s,17.4 kb/s,426 b/s,895 b/s,2.10 kb/s,604 b/s,25.4 kb/s,604 b/s,1.39 kb/s,604 b/s,1.38 kb/s,4.45 kb/s,604 b/s,426 b/s,5.59 kb/s,604 b/s,1.57 kb/s,1.62 kb/s,0 b/s
2024-03-05 16:31:00,4.01 kb/s,0 b/s,0 b/s,7.99 kb/s,0 b/s,1.21 kb/s,8.89 kb/s,231 b/s,3.50 kb/s,231 b/s,8.91 kb/s,230 b/s,3.84 kb/s,716 b/s,230 b/s,0 b/s,2.73 kb/s,230 b/s,8.59 kb/s,340 b/s,235 b/s,3.96 kb/s,0 b/s,0 b/s,20.7 kb/s,291 b/s,631 b/s,5.04 kb/s,380 b/s,25.3 kb/s,380 b/s,1.21 kb/s,380 b/s,1.15 kb/s,2.30 kb/s,380 b/s,291 b/s,2.85 kb/s,380 b/s,1.32 kb/s,1.50 kb/s,0 b/s
2024-03-05 16:31:15,491 b/s,0 b/s,0 b/s,8.65 kb/s,0 b/s,1.34 kb/s,4.98 kb/s,462 b/s,3.53 kb/s,462 b/s,9.39 kb/s,461 b/s,4.07 kb/s,1.43 kb/s,461 b/s,0 b/s,5.54 kb/s,461 b/s,8.82 kb/s,610 b/s,187 b/s,170 b/s,0 b/s,0 b/s,16.7 kb/s,515 b/s,1.13 kb/s,1.51 kb/s,693 b/s,25.5 kb/s,693 b/s,1.37 kb/s,693 b/s,1.47 kb/s,4.63 kb/s,693 b/s,515 b/s,5.64 kb/s,693 b/s,1.64 kb/s,1.85 kb/s,0 b/s
2024-03-05 16:31:30,546 b/s,0 b/s,0 b/s,4.92 kb/s,0 b/s,1.21 kb/s,5.22 kb/s,231 b/s,3.50 kb/s,231 b/s,8.98 kb/s,230 b/s,3.84 kb/s,716 b/s,230 b/s,0 b/s,2.80 kb/s,230 b/s,8.61 kb/s,340 b/s,0 b/s,419 b/s,0 b/s,0 b/s,16.9 kb/s,291 b/s,631 b/s,1.53 kb/s,380 b/s,25.3 kb/s,380 b/s,1.28 kb/s,380 b/s,1.15 kb/s,2.38 kb/s,380 b/s,291 b/s,2.86 kb/s,380 b/s,1.35 kb/s,1.51 kb/s,0 b/s
2024-03-05 16:31:45,18.6 kb/s,0 b/s,0 b/s,25.8 kb/s,0 b/s,1.20 kb/s,24.0 kb/s,462 b/s,3.53 kb/s,462 b/s,9.25 kb/s,461 b/s,4.07 kb/s,1.43 kb/s,461 b/s,0 b/s,5.56 kb/s,461 b/s,8.82 kb/s,469 b/s,0 b/s,19.8 kb/s,0 b/s,0 b/s,36.0 kb/s,336 b/s,806 b/s,20.9 kb/s,514 b/s,25.3 kb/s,514 b/s,1.35 kb/s,514 b/s,1.29 kb/s,4.47 kb/s,514 b/s,336 b/s,5.52 kb/s,514 b/s,1.46 kb/s,1.54 kb/s,0 b/s
2024-03-05 16:32:00,103 kb/s,0 b/s,0 b/s,130 kb/s,0 b/s,1.21 kb/s,118 kb/s,231 b/s,3.50 kb/s,231 b/s,9.11 kb/s,230 b/s,3.84 kb/s,716 b/s,230 b/s,0 b/s,2.74 kb/s,230 b/s,8.59 kb/s,340 b/s,333 b/s,123 kb/s,0 b/s,0 b/s,133 kb/s,470 b/s,811 b/s,125 kb/s,559 b/s,25.5 kb/s,559 b/s,1.21 kb/s,559 b/s,1.33 kb/s,2.50 kb/s,559 b/s,470 b/s,3.05 kb/s,559 b/s,1.50 kb/s,1.68 kb/s,0 b/s
2024-03-05 16:32:15,88.0 kb/s,0 b/s,0 b/s,118 kb/s,0 b/s,1.34 kb/s,101 kb/s,462 b/s,3.53 kb/s,462 b/s,9.25 kb/s,461 b/s,4.07 kb/s,1.43 kb/s,461 b/s,0 b/s,5.53 kb/s,461 b/s,8.79 kb/s,610 b/s,1.13 kb/s,108 kb/s,0 b/s,0 b/s,116 kb/s,314 b/s,924 b/s,109 kb/s,492 b/s,25.3 kb/s,492 b/s,1.43 kb/s,492 b/s,1.27 kb/s,4.42 kb/s,492 b/s,314 b/s,5.44 kb/s,492 b/s,1.40 kb/s,1.65 kb/s,371 b/s
2024-03-05 16:32:30,692 b/s,0 b/s,0 b/s,4.43 kb/s,0 b/s,1.21 kb/s,5.21 kb/s,231 b/s,3.50 kb/s,231 b/s,9.00 kb/s,230 b/s,3.84 kb/s,716 b/s,230 b/s,0 b/s,2.74 kb/s,230 b/s,8.65 kb/s,340 b/s,225 b/s,482 b/s,0 b/s,0 b/s,17.1 kb/s,381 b/s,721 b/s,1.59 kb/s,470 b/s,25.4 kb/s,470 b/s,1.21 kb/s,470 b/s,1.24 kb/s,2.41 kb/s,470 b/s,381 b/s,2.94 kb/s,470 b/s,1.47 kb/s,1.59 kb/s,0 b/s
2024-03-05 16:32:45,6.95 kb/s,0 b/s,0 b/s,14.0 kb/s,0 b/s,1.20 kb/s,11.8 kb/s,462 b/s,3.53 kb/s,462 b/s,9.28 kb/s,461 b/s,4.07 kb/s,1.43 kb/s,461 b/s,0 b/s,5.54 kb/s,485 b/s,8.77 kb/s,469 b/s,0 b/s,6.99 kb/s,0 b/s,0 b/s,23.6 kb/s,426 b/s,895 b/s,8.28 kb/s,604 b/s,25.4 kb/s,604 b/s,1.35 kb/s,604 b/s,1.38 kb/s,4.54 kb/s,604 b/s,426 b/s,5.57 kb/s,604 b/s,1.49 kb/s,1.62 kb/s,0 b/s
2024-03-05 16:33:00,708 b/s,0 b/s,0 b/s,4.27 kb/s,0 b/s,1.21 kb/s,5.35 kb/s,231 b/s,3.50 kb/s,231 b/s,8.98 kb/s,230 b/s,3.84 kb/s,716 b/s,230 b/s,0 b/s,2.75 kb/s,231 b/s,8.67 kb/s,340 b/s,133 b/s,604 b/s,0 b/s,0 b/s,17.1 kb/s,291 b/s,631 b/s,1.66 kb/s,380 b/s,25.3 kb/s,380 b/s,1.28 kb/s,380 b/s,1.15 kb/s,2.33 kb/s,380 b/s,291 b/s,2.85 kb/s,380 b/s,1.40 kb/s,1.51 kb/s,0 b/s
2024-03-05 16:33:15,987 b/s,0 b/s,0 b/s,7.96 kb/s,0 b/s,1.34 kb/s,5.64 kb/s,462 b/s,3.53 kb/s,462 b/s,9.37 kb/s,461 b/s,4.12 kb/s,1.43 kb/s,461 b/s,0 b/s,5.48 kb/s,496 b/s,8.77 kb/s,610 b/s,0 b/s,872 b/s,0 b/s,0 b/s,17.3 kb/s,493 b/s,1.10 kb/s,2.25 kb/s,671 b/s,25.5 kb/s,671 b/s,1.37 kb/s,671 b/s,1.45 kb/s,4.55 kb/s,671 b/s,493 b/s,5.70 kb/s,671 b/s,1.56 kb/s,1.83 kb/s,0 b/s
2024-03-05 16:33:30,11.8 kb/s,0 b/s,0 b/s,17.3 kb/s,0 b/s,1.21 kb/s,16.8 kb/s,231 b/s,3.50 kb/s,231 b/s,9.00 kb/s,230 b/s,3.84 kb/s,681 b/s,230 b/s,0 b/s,2.77 kb/s,230 b/s,8.65 kb/s,340 b/s,780 b/s,12.0 kb/s,0 b/s,0 b/s,28.7 kb/s,314 b/s,654 b/s,13.1 kb/s,403 b/s,25.3 kb/s,403 b/s,1.28 kb/s,403 b/s,1.18 kb/s,2.37 kb/s,403 b/s,314 b/s,2.84 kb/s,403 b/s,1.40 kb/s,1.53 kb/s,0 b/s
2024-03-05 16:33:45,322 b/s,0 b/s,0 b/s,4.67 kb/s,0 b/s,1.20 kb/s,4.93 kb/s,462 b/s,3.53 kb/s,462 b/s,9.15 kb/s,461 b/s,4.10 kb/s,1.43 kb/s,461 b/s,0 b/s,5.47 kb/s,487 b/s,8.79 kb/s,469 b/s,87.5 b/s,135 b/s,0 b/s,0 b/s,16.6 kb/s,314 b/s,783 b/s,1.27 kb/s,492 b/s,25.3 kb/s,492 b/s,1.33 kb/s,492 b/s,1.27 kb/s,4.36 kb/s,492 b/s,314 b/s,5.49 kb/s,492 b/s,1.40 kb/s,1.51 kb/s,0 b/s
2024-03-05 16:34:00,798 b/s,0 b/s,0 b/s,7.21 kb/s,0 b/s,1.21 kb/s,5.33 kb/s,231 b/s,3.50 kb/s,231 b/s,9.07 kb/s,230 b/s,3.84 kb/s,716 b/s,230 b/s,0 b/s,2.71 kb/s,230 b/s,8.65 kb/s,340 b/s,45.9 b/s,604 b/s,0 b/s,0 b/s,17.1 kb/s,426 b/s,766 b/s,1.78 kb/s,515 b/s,25.4 kb/s,515 b/s,1.24 kb/s,515 b/s,1.29 kb/s,2.42 kb/s,515 b/s,426 b/s,2.99 kb/s,515 b/s,1.52 kb/s,1.64 kb/s,0 b/s
2024-03-05 16:34:15,798 b/s,0 b/s,0 b/s,7.21 kb/s,0 b/s,1.21 kb/s,5.33 kb/s,231 b/s,3.50 kb/s,231 b/s,9.07 kb/s,230 b/s,3.84 kb/s,716 b/s,230 b/s,0 b/s,2.71 kb/s,230 b/s,8.65 kb/s,340 b/s,45.9 b/s,604 b/s,0 b/s,0 b/s,17.1 kb/s,426 b/s,766 b/s,1.78 kb/s,515 b/s,25.4 kb/s,515 b/s,1.24 kb/s,515 b/s,1.29 kb/s,2.42 kb/s,515 b/s,426 b/s,2.99 kb/s,515 b/s,1.52 kb/s,1.64 kb/s,0 b/s
2024-03-05 16:34:30,798 b/s,0 b/s,0 b/s,7.21 kb/s,0 b/s,1.21 kb/s,5.33 kb/s,231 b/s,3.50 kb/s,231 b/s,9.07 kb/s,230 b/s,3.84 kb/s,716 b/s,230 b/s,0 b/s,2.71 kb/s,230 b/s,8.65 kb/s,340 b/s,45.9 b/s,604 b/s,0 b/s,0 b/s,17.1 kb/s,426 b/s,766 b/s,1.78 kb/s,515 b/s,25.4 kb/s,515 b/s,1.24 kb/s,515 b/s,1.29 kb/s,2.42 kb/s,515 b/s,426 b/s,2.99 kb/s,515 b/s,1.52 kb/s,1.64 kb/s,0 b/s